"Work Item Type","Title 1","Title 2","Title 3","Title 4","Description","Acceptance Criteria","Tags","Priority","Area Path","Iteration Path"
"Epic","Apps","","","","<h1>Apps</h1>
<h2>Overview</h2>
<p>Application hosting — App Service, Functions, Static Web Apps</p>
<p><strong>WAF Pillars:</strong> Reliability</p>
<h2>Scope</h2>
<ul>
<li><strong>Total Features:</strong> 3</li>
<li><strong>Total Recommendations:</strong> 3</li>
<li><strong>Total Affected Resources:</strong> 12</li>
<li><strong>Subscriptions:</strong> a4aef89a-cd11-438f-b30a-58e84134ade1</li>
</ul>
<h2>Impact Summary</h2>
<ul>
<li><strong>High:</strong> 7 recommendation(s)</li>
<li><strong>Medium:</strong> 6 recommendation(s)</li>
<li><strong>Low:</strong> 3 recommendation(s)</li>
</ul>
<h2>Features</h2>
<ul>
<li><strong>Serverfarms</strong> (microsoft.web/serverfarms) &mdash; 6 resource(s), 1 recommendation(s)</li>
<li><strong>Sites</strong> (microsoft.web/sites) &mdash; 4 resource(s), 1 recommendation(s)</li>
<li><strong>Sites</strong> (Microsoft.Web/sites) &mdash; 2 resource(s), 1 recommendation(s)</li>
</ul>
","<p>All Features within this Epic are completed and verified.</p>
<p><strong>Features to complete:</strong></p>
<ul>
<li>Serverfarms (microsoft.web/serverfarms) &mdash; 1 recommendation(s), 3 resource(s)</li>
<li>Sites (microsoft.web/sites) &mdash; 1 recommendation(s), 3 resource(s)</li>
<li>Sites (Microsoft.Web/sites) &mdash; 1 recommendation(s), 10 resource(s)</li>
</ul>","Reliability; Apps","2","N9GFN-Test-Project","N9GFN-Test-Project\Backlog3"
"Feature","","Serverfarms","","","<h1>Serverfarms (microsoft.web/serverfarms)</h1>
<h2>Overview</h2>
<p>Recommendations for <strong>microsoft.web/serverfarms</strong> resources within the <strong>Apps</strong> domain.</p>
<h2>Scope</h2>
<ul>
<li><strong>Recommendations:</strong> 3</li>
<li><strong>Affected Resources:</strong> 6</li>
<li><strong>Resource Groups:</strong> resiliancetestingworkload, rg-btr-demo, rg-m2c-demo</li>
<li><strong>Subscriptions:</strong> a4aef89a-cd11-438f-b30a-58e84134ade1</li>
<li><strong>Regions:</strong> eastus, ukwest</li>
</ul>
<h2>Impact Breakdown</h2>
<ul>
<li><strong>High:</strong> 2</li>
<li><strong>Medium:</strong> 1</li>
</ul>
<h2>Recommendations</h2>
<ol>
<li><strong>Create separate App Service plans for production and test</strong> [High]
<ul>
<li><strong>Control:</strong> Other Best Practices</li>
<li><strong>Benefit:</strong> Protects prod performance; avoids test impact</li>
<li><strong>Affected Resources:</strong> 3</li>
</ul>
</li>
<li><strong>Use zone-supported App Service Plan</strong> [High]
<ul>
<li><strong>Control:</strong> High Availability</li>
<li><strong>Benefit:</strong> </li>
<li><strong>Affected Resources:</strong> 3</li>
</ul>
</li>
<li><strong>Enable Autoscale/Automatic scaling to ensure adequate resources are available to service requests</strong> [Medium]
<ul>
<li><strong>Control:</strong> Scalability</li>
<li><strong>Benefit:</strong> Optimizes resources for traffic</li>
<li><strong>Affected Resources:</strong> 3</li>
</ul>
</li>
</ol>
","<p>All recommendations for <strong>microsoft.web/serverfarms</strong> are completed. Resources validated against APRL checks.</p>
<p><strong>Recommendations to complete:</strong></p>
<ul>
<li>Create separate App Service plans for production and test [High] &mdash; 3 resource(s)</li>
<li>Use zone-supported App Service Plan [High] &mdash; 3 resource(s)</li>
<li>Enable Autoscale/Automatic scaling to ensure adequate resources are available to service requests [Medium] &mdash; 3 resource(s)</li>
</ul>","microsoft.web/serverfarms; Apps","1","N9GFN-Test-Project","N9GFN-Test-Project\Backlog3"
"User Story","","","Serverfarms - Recommendations","","<h1>Serverfarms - Recommendations</h1>
<h2>Overview</h2>
<p>Consolidated APRL recommendations for <strong>microsoft.web/serverfarms</strong> resources.</p>
<ul>
<li><strong>Impact:</strong> High</li>
<li><strong>WAF Pillars:</strong> Reliability</li>
<li><strong>Recommendations:</strong> 3</li>
<li><strong>Affected Resources:</strong> 6</li>
<li><strong>Source:</strong> APRL & Advisor</li>
</ul>
<h2>Recommendations Summary</h2>
<table>
<tr><th>#</th><th>Recommendation</th><th>Impact</th><th>WAF Pillar</th><th>Affected Resources</th></tr>
<tr><td>1</td><td>Create separate App Service plans for production and test</td><td>High</td><td>Reliability</td><td>3</td></tr>
<tr><td>2</td><td>Use zone-supported App Service Plan</td><td>High</td><td>Reliability</td><td>3</td></tr>
<tr><td>3</td><td>Enable Autoscale/Automatic scaling to ensure adequate resources are available to service requests</td><td>Medium</td><td>Reliability</td><td>3</td></tr>
</table>
","<ul>
<li>All 3 recommendation(s) have been implemented</li>
<li>All 6 affected resource(s) pass APRL compliance checks</li>
</ul>
<p><strong>Per-recommendation verification:</strong></p>
<ul>
<li><strong>Create separate App Service plans for production and test</strong> [High] &mdash; 3 resource(s) remediated (GUID: <code>dbe3fd66-fb2a-9d46-b162-1791e21da236</code>)</li>
<li><strong>Use zone-supported App Service Plan</strong> [High] &mdash; 3 resource(s) remediated (GUID: <code>fac3022a-eda5-44b9-b54d-cb500d1d01dd</code>)</li>
<li><strong>Enable Autoscale/Automatic scaling to ensure adequate resources are available to service requests</strong> [Medium] &mdash; 3 resource(s) remediated (GUID: <code>6320abf6-f917-1843-b2ae-4779c35985ae</code>)</li>
</ul>","High; Reliability; Azure Service; Source:APRL & Advisor","1","N9GFN-Test-Project","N9GFN-Test-Project\Backlog3"
"Task","","","","Create separate App Service plans for production and test","<h1>Create separate App Service plans for production and test</h1>
<h2>Recommendation</h2>
<p>It is strongly recommended to create separate App Service plans for production and test environments to avoid using slots within your production deployment for testing purposes.</p>
<h2>Details</h2>
<ul>
<li><strong>Impact:</strong> High</li>
<li><strong>WAF Pillar:</strong> Reliability</li>
<li><strong>Control:</strong> Other Best Practices</li>
<li><strong>Potential Benefit:</strong> Protects prod performance; avoids test impact</li>
<li><strong>Source:</strong> APRL</li>
<li><strong>APRL Guid:</strong> dbe3fd66-fb2a-9d46-b162-1791e21da236</li>
</ul>
<h2>Learn More</h2>
<p><a href=""https://learn.microsoft.com/azure/architecture/checklist/resiliency-per-service#app-service"">https://learn.microsoft.com/azure/architecture/checklist/resiliency-per-service#app-service</a></p>
<h2>Affected Resources (3)</h2>
<table>
<tr><th>#</th><th>Resource Name</th><th>Resource Group</th><th>Location</th><th>Subscription</th></tr>
<tr><td>1</td><td>asp-01</td><td>resiliancetestingworkload</td><td>ukwest</td><td>a4aef89a-cd11-438f-b30a-58e84134ade1</td></tr>
<tr><td>2</td><td>asp-btr-demo</td><td>rg-btr-demo</td><td>eastus</td><td>a4aef89a-cd11-438f-b30a-58e84134ade1</td></tr>
<tr><td>3</td><td>m2c-plan</td><td>rg-m2c-demo</td><td>eastus</td><td>a4aef89a-cd11-438f-b30a-58e84134ade1</td></tr>
</table>
","<ul>
<li>All 3 resource(s) have been remediated for recommendation <strong>Create separate App Service plans for production and test</strong></li>
<li>APRL check <code>dbe3fd66-fb2a-9d46-b162-1791e21da236</code> passes for all resources</li>
</ul>
<p><strong>Per-resource verification:</strong></p>
<ul>
<li>Resource <strong>asp-01</strong> in <code>resiliancetestingworkload</code> is compliant</li>
<li>Resource <strong>asp-btr-demo</strong> in <code>rg-btr-demo</code> is compliant</li>
<li>Resource <strong>m2c-plan</strong> in <code>rg-m2c-demo</code> is compliant</li>
<li>Changes verified via <a href=""https://learn.microsoft.com/azure/architecture/checklist/resiliency-per-service#app-service"">https://learn.microsoft.com/azure/architecture/checklist/resiliency-per-service#app-service</a></li>
</ul>","High; Reliability; Source:APRL","1","N9GFN-Test-Project","N9GFN-Test-Project\Backlog3"
"Task","","","","Use zone-supported App Service Plan","<h1>Use zone-supported App Service Plan</h1>
<h2>Recommendation</h2>
<p>No detailed description available.</p>
<h2>Details</h2>
<ul>
<li><strong>Impact:</strong> High</li>
<li><strong>WAF Pillar:</strong> Reliability</li>
<li><strong>Control:</strong> High Availability</li>
<li><strong>Potential Benefit:</strong> N/A</li>
<li><strong>Source:</strong> ADVISOR</li>
<li><strong>APRL Guid:</strong> fac3022a-eda5-44b9-b54d-cb500d1d01dd</li>
</ul>
<h2>Affected Resources (3)</h2>
<table>
<tr><th>#</th><th>Resource Name</th><th>Resource Group</th><th>Location</th><th>Subscription</th></tr>
<tr><td>1</td><td>m2c-plan</td><td>rg-m2c-demo</td><td>eastus</td><td>a4aef89a-cd11-438f-b30a-58e84134ade1</td></tr>
<tr><td>2</td><td>asp-btr-demo</td><td>rg-btr-demo</td><td>eastus</td><td>a4aef89a-cd11-438f-b30a-58e84134ade1</td></tr>
<tr><td>3</td><td>asp-01</td><td>resiliancetestingworkload</td><td>ukwest</td><td>a4aef89a-cd11-438f-b30a-58e84134ade1</td></tr>
</table>
","<ul>
<li>All 3 resource(s) have been remediated for recommendation <strong>Use zone-supported App Service Plan</strong></li>
<li>APRL check <code>fac3022a-eda5-44b9-b54d-cb500d1d01dd</code> passes for all resources</li>
</ul>
<p><strong>Per-resource verification:</strong></p>
<ul>
<li>Resource <strong>m2c-plan</strong> in <code>rg-m2c-demo</code> is compliant</li>
<li>Resource <strong>asp-btr-demo</strong> in <code>rg-btr-demo</code> is compliant</li>
<li>Resource <strong>asp-01</strong> in <code>resiliancetestingworkload</code> is compliant</li>
<li>Source: <strong>ADVISOR</strong></li>
</ul>","High; Reliability; Source:ADVISOR","1","N9GFN-Test-Project","N9GFN-Test-Project\Backlog3"
"Task","","","","Enable Autoscale/Automatic scaling to ensure adequate resources are available to service requests","<h1>Enable Autoscale/Automatic scaling to ensure adequate resources are available to service requests</h1>
<h2>Recommendation</h2>
<p>Enabling Autoscale/Automatic Scaling for your Azure App Service ensures sufficient resources for incoming requests. Autoscaling is rule-based, whereas Automatic Scaling, a newer feature, automatically adjusts resources based on HTTP traffic.</p>
<h2>Details</h2>
<ul>
<li><strong>Impact:</strong> Medium</li>
<li><strong>WAF Pillar:</strong> Reliability</li>
<li><strong>Control:</strong> Scalability</li>
<li><strong>Potential Benefit:</strong> Optimizes resources for traffic</li>
<li><strong>Source:</strong> APRL</li>
<li><strong>APRL Guid:</strong> 6320abf6-f917-1843-b2ae-4779c35985ae</li>
</ul>
<h2>Learn More</h2>
<p><a href=""https://learn.microsoft.com/azure/app-service/manage-automatic-scaling?tabs=azure-portal"">https://learn.microsoft.com/azure/app-service/manage-automatic-scaling?tabs=azure-portal</a></p>
<h2>Affected Resources (3)</h2>
<table>
<tr><th>#</th><th>Resource Name</th><th>Resource Group</th><th>Location</th><th>Subscription</th></tr>
<tr><td>1</td><td>asp-01</td><td>resiliancetestingworkload</td><td>ukwest</td><td>a4aef89a-cd11-438f-b30a-58e84134ade1</td></tr>
<tr><td>2</td><td>asp-btr-demo</td><td>rg-btr-demo</td><td>eastus</td><td>a4aef89a-cd11-438f-b30a-58e84134ade1</td></tr>
<tr><td>3</td><td>m2c-plan</td><td>rg-m2c-demo</td><td>eastus</td><td>a4aef89a-cd11-438f-b30a-58e84134ade1</td></tr>
</table>
","<ul>
<li>All 3 resource(s) have been remediated for recommendation <strong>Enable Autoscale/Automatic scaling to ensure adequate resources are available to service requests</strong></li>
<li>APRL check <code>6320abf6-f917-1843-b2ae-4779c35985ae</code> passes for all resources</li>
</ul>
<p><strong>Per-resource verification:</strong></p>
<ul>
<li>Resource <strong>asp-01</strong> in <code>resiliancetestingworkload</code> is compliant</li>
<li>Resource <strong>asp-btr-demo</strong> in <code>rg-btr-demo</code> is compliant</li>
<li>Resource <strong>m2c-plan</strong> in <code>rg-m2c-demo</code> is compliant</li>
<li>Changes verified via <a href=""https://learn.microsoft.com/azure/app-service/manage-automatic-scaling?tabs=azure-portal"">https://learn.microsoft.com/azure/app-service/manage-automatic-scaling?tabs=azure-portal</a></li>
</ul>","Medium; Reliability; Source:APRL","2","N9GFN-Test-Project","N9GFN-Test-Project\Backlog3"
"Feature","","Sites","","","<h1>Sites (microsoft.web/sites)</h1>
<h2>Overview</h2>
<p>Recommendations for <strong>microsoft.web/sites</strong> resources within the <strong>Apps</strong> domain.</p>
<h2>Scope</h2>
<ul>
<li><strong>Recommendations:</strong> 3</li>
<li><strong>Affected Resources:</strong> 4</li>
<li><strong>Resource Groups:</strong> resiliancetestingworkload, rg-btr-demo, rg-m2c-demo</li>
<li><strong>Subscriptions:</strong> a4aef89a-cd11-438f-b30a-58e84134ade1</li>
<li><strong>Regions:</strong> eastus, global, ukwest</li>
</ul>
<h2>Impact Breakdown</h2>
<ul>
<li><strong>High:</strong> 3</li>
</ul>
<h2>Recommendations</h2>
<ol>
<li><strong>Set minimum instance count for App Service to 2</strong> [High]
<ul>
<li><strong>Control:</strong> High Availability</li>
<li><strong>Benefit:</strong> </li>
<li><strong>Affected Resources:</strong> 2</li>
</ul>
</li>
<li><strong>Use Standard or Premium tier</strong> [High]
<ul>
<li><strong>Control:</strong> High Availability</li>
<li><strong>Benefit:</strong> </li>
<li><strong>Affected Resources:</strong> 3</li>
</ul>
</li>
<li><strong>Enable Health check for App Service</strong> [High]
<ul>
<li><strong>Control:</strong> High Availability</li>
<li><strong>Benefit:</strong> </li>
<li><strong>Affected Resources:</strong> 1</li>
</ul>
</li>
</ol>
","<p>All recommendations for <strong>microsoft.web/sites</strong> are completed. Resources validated against APRL checks.</p>
<p><strong>Recommendations to complete:</strong></p>
<ul>
<li>Set minimum instance count for App Service to 2 [High] &mdash; 2 resource(s)</li>
<li>Use Standard or Premium tier [High] &mdash; 3 resource(s)</li>
<li>Enable Health check for App Service [High] &mdash; 1 resource(s)</li>
</ul>","microsoft.web/sites; Apps","1","N9GFN-Test-Project","N9GFN-Test-Project\Backlog3"
"User Story","","","Sites - Recommendations","","<h1>Sites - Recommendations</h1>
<h2>Overview</h2>
<p>Consolidated APRL recommendations for <strong>microsoft.web/sites</strong> resources.</p>
<ul>
<li><strong>Impact:</strong> High</li>
<li><strong>WAF Pillars:</strong> Reliability</li>
<li><strong>Recommendations:</strong> 3</li>
<li><strong>Affected Resources:</strong> 4</li>
<li><strong>Source:</strong> APRL & Advisor</li>
</ul>
<h2>Recommendations Summary</h2>
<table>
<tr><th>#</th><th>Recommendation</th><th>Impact</th><th>WAF Pillar</th><th>Affected Resources</th></tr>
<tr><td>1</td><td>Set minimum instance count for App Service to 2</td><td>High</td><td>Reliability</td><td>2</td></tr>
<tr><td>2</td><td>Use Standard or Premium tier</td><td>High</td><td>Reliability</td><td>3</td></tr>
<tr><td>3</td><td>Enable Health check for App Service</td><td>High</td><td>Reliability</td><td>1</td></tr>
</table>
","<ul>
<li>All 3 recommendation(s) have been implemented</li>
<li>All 4 affected resource(s) pass APRL compliance checks</li>
</ul>
<p><strong>Per-recommendation verification:</strong></p>
<ul>
<li><strong>Set minimum instance count for App Service to 2</strong> [High] &mdash; 2 resource(s) remediated (GUID: <code>e987dcce-fd2c-4683-8abf-f1a34bbad737</code>)</li>
<li><strong>Use Standard or Premium tier</strong> [High] &mdash; 3 resource(s) remediated (GUID: <code>dc298556-8232-4aa8-bfe0-5204c5017be0</code>)</li>
<li><strong>Enable Health check for App Service</strong> [High] &mdash; 1 resource(s) remediated (GUID: <code>72063b96-92fa-4b74-9457-b84b662155f9</code>)</li>
</ul>","High; Reliability; Azure Service; Source:APRL & Advisor","1","N9GFN-Test-Project","N9GFN-Test-Project\Backlog3"
"Task","","","","Set minimum instance count for App Service to 2","<h1>Set minimum instance count for App Service to 2</h1>
<h2>Recommendation</h2>
<p>No detailed description available.</p>
<h2>Details</h2>
<ul>
<li><strong>Impact:</strong> High</li>
<li><strong>WAF Pillar:</strong> Reliability</li>
<li><strong>Control:</strong> High Availability</li>
<li><strong>Potential Benefit:</strong> N/A</li>
<li><strong>Source:</strong> ADVISOR</li>
<li><strong>APRL Guid:</strong> e987dcce-fd2c-4683-8abf-f1a34bbad737</li>
</ul>
<h2>Affected Resources (2)</h2>
<table>
<tr><th>#</th><th>Resource Name</th><th>Resource Group</th><th>Location</th><th>Subscription</th></tr>
<tr><td>1</td><td>m2c-plan</td><td>rg-m2c-demo</td><td>global</td><td>a4aef89a-cd11-438f-b30a-58e84134ade1</td></tr>
<tr><td>2</td><td>asp-01</td><td>resiliancetestingworkload</td><td>ukwest</td><td>a4aef89a-cd11-438f-b30a-58e84134ade1</td></tr>
</table>
","<ul>
<li>All 2 resource(s) have been remediated for recommendation <strong>Set minimum instance count for App Service to 2</strong></li>
<li>APRL check <code>e987dcce-fd2c-4683-8abf-f1a34bbad737</code> passes for all resources</li>
</ul>
<p><strong>Per-resource verification:</strong></p>
<ul>
<li>Resource <strong>m2c-plan</strong> in <code>rg-m2c-demo</code> is compliant</li>
<li>Resource <strong>asp-01</strong> in <code>resiliancetestingworkload</code> is compliant</li>
<li>Source: <strong>ADVISOR</strong></li>
</ul>","High; Reliability; Source:ADVISOR","1","N9GFN-Test-Project","N9GFN-Test-Project\Backlog3"
"Task","","","","Use Standard or Premium tier","<h1>Use Standard or Premium tier</h1>
<h2>Recommendation</h2>
<p>No detailed description available.</p>
<h2>Details</h2>
<ul>
<li><strong>Impact:</strong> High</li>
<li><strong>WAF Pillar:</strong> Reliability</li>
<li><strong>Control:</strong> High Availability</li>
<li><strong>Potential Benefit:</strong> N/A</li>
<li><strong>Source:</strong> ADVISOR</li>
<li><strong>APRL Guid:</strong> dc298556-8232-4aa8-bfe0-5204c5017be0</li>
</ul>
<h2>Affected Resources (3)</h2>
<table>
<tr><th>#</th><th>Resource Name</th><th>Resource Group</th><th>Location</th><th>Subscription</th></tr>
<tr><td>1</td><td>m2c-plan</td><td>rg-m2c-demo</td><td>global</td><td>a4aef89a-cd11-438f-b30a-58e84134ade1</td></tr>
<tr><td>2</td><td>asp-btr-demo</td><td>rg-btr-demo</td><td>eastus</td><td>a4aef89a-cd11-438f-b30a-58e84134ade1</td></tr>
<tr><td>3</td><td>asp-01</td><td>resiliancetestingworkload</td><td>global</td><td>a4aef89a-cd11-438f-b30a-58e84134ade1</td></tr>
</table>
","<ul>
<li>All 3 resource(s) have been remediated for recommendation <strong>Use Standard or Premium tier</strong></li>
<li>APRL check <code>dc298556-8232-4aa8-bfe0-5204c5017be0</code> passes for all resources</li>
</ul>
<p><strong>Per-resource verification:</strong></p>
<ul>
<li>Resource <strong>m2c-plan</strong> in <code>rg-m2c-demo</code> is compliant</li>
<li>Resource <strong>asp-btr-demo</strong> in <code>rg-btr-demo</code> is compliant</li>
<li>Resource <strong>asp-01</strong> in <code>resiliancetestingworkload</code> is compliant</li>
<li>Source: <strong>ADVISOR</strong></li>
</ul>","High; Reliability; Source:ADVISOR","1","N9GFN-Test-Project","N9GFN-Test-Project\Backlog3"
"Task","","","","Enable Health check for App Service","<h1>Enable Health check for App Service</h1>
<h2>Recommendation</h2>
<p>No detailed description available.</p>
<h2>Details</h2>
<ul>
<li><strong>Impact:</strong> High</li>
<li><strong>WAF Pillar:</strong> Reliability</li>
<li><strong>Control:</strong> High Availability</li>
<li><strong>Potential Benefit:</strong> N/A</li>
<li><strong>Source:</strong> ADVISOR</li>
<li><strong>APRL Guid:</strong> 72063b96-92fa-4b74-9457-b84b662155f9</li>
</ul>
<h2>Affected Resources (1)</h2>
<table>
<tr><th>#</th><th>Resource Name</th><th>Resource Group</th><th>Location</th><th>Subscription</th></tr>
<tr><td>1</td><td>app-btr-demo-jfh3g0</td><td>rg-btr-demo</td><td>global</td><td>a4aef89a-cd11-438f-b30a-58e84134ade1</td></tr>
</table>
","<ul>
<li>All 1 resource(s) have been remediated for recommendation <strong>Enable Health check for App Service</strong></li>
<li>APRL check <code>72063b96-92fa-4b74-9457-b84b662155f9</code> passes for all resources</li>
</ul>
<p><strong>Per-resource verification:</strong></p>
<ul>
<li>Resource <strong>app-btr-demo-jfh3g0</strong> in <code>rg-btr-demo</code> is compliant</li>
<li>Source: <strong>ADVISOR</strong></li>
</ul>","High; Reliability; Source:ADVISOR","1","N9GFN-Test-Project","N9GFN-Test-Project\Backlog3"
"Feature","","Sites","","","<h1>Sites (Microsoft.Web/sites)</h1>
<h2>Overview</h2>
<p>Recommendations for <strong>Microsoft.Web/sites</strong> resources within the <strong>Apps</strong> domain.</p>
<h2>Scope</h2>
<ul>
<li><strong>Recommendations:</strong> 10</li>
<li><strong>Affected Resources:</strong> 2</li>
<li><strong>Resource Groups:</strong> rg-btr-demo, rg-m2c-demo</li>
<li><strong>Subscriptions:</strong> a4aef89a-cd11-438f-b30a-58e84134ade1</li>
<li><strong>Regions:</strong> eastus</li>
</ul>
<h2>Impact Breakdown</h2>
<ul>
<li><strong>High:</strong> 2</li>
<li><strong>Medium:</strong> 5</li>
<li><strong>Low:</strong> 3</li>
</ul>
<h2>Recommendations</h2>
<ol>
<li><strong>Monitor Performance</strong> [High]
<ul>
<li><strong>Control:</strong> Monitoring And Alerting</li>
<li><strong>Benefit:</strong> Real-time insights and issue diagnosis</li>
<li><strong>Affected Resources:</strong> 2</li>
</ul>
</li>
<li><strong>Enable Health check for App Services</strong> [High]
<ul>
<li><strong>Control:</strong> Other Best Practices</li>
<li><strong>Benefit:</strong> Enhanced reliability via automation</li>
<li><strong>Affected Resources:</strong> 1</li>
</ul>
</li>
<li><strong>Create a separate storage account for logs</strong> [Medium]
<ul>
<li><strong>Control:</strong> Scalability</li>
<li><strong>Benefit:</strong> Improves app performance</li>
<li><strong>Affected Resources:</strong> 2</li>
</ul>
</li>
<li><strong>Store configuration as app settings for Web Sites</strong> [Medium]
<ul>
<li><strong>Control:</strong> Other Best Practices</li>
<li><strong>Benefit:</strong> Enhanced reliability via automation</li>
<li><strong>Affected Resources:</strong> 2</li>
</ul>
</li>
<li><strong>No warmup trigger added to Function App</strong> [Medium]
<ul>
<li><strong>Control:</strong> Monitoring And Alerting</li>
<li><strong>Benefit:</strong> Improved app availability</li>
<li><strong>Affected Resources:</strong> 2</li>
</ul>
</li>
<li><strong>Ensure Function App runs a supported version</strong> [Medium]
<ul>
<li><strong>Control:</strong> Other Best Practices</li>
<li><strong>Benefit:</strong> Better governance</li>
<li><strong>Affected Resources:</strong> 2</li>
</ul>
</li>
<li><strong>Ensure FUNCTIONS_WORKER_RUNTIME is set properly</strong> [Medium]
<ul>
<li><strong>Control:</strong> Other Best Practices</li>
<li><strong>Benefit:</strong> Better governance</li>
<li><strong>Affected Resources:</strong> 2</li>
</ul>
</li>
<li><strong>Enable diagnostics logging</strong> [Low]
<ul>
<li><strong>Control:</strong> Monitoring And Alerting</li>
<li><strong>Benefit:</strong> Monitoring and Alerting</li>
<li><strong>Affected Resources:</strong> 2</li>
</ul>
</li>
<li><strong>Separate web apps from web APIs</strong> [Low]
<ul>
<li><strong>Control:</strong> Scalability</li>
<li><strong>Benefit:</strong> Independent scaling, easier management</li>
<li><strong>Affected Resources:</strong> 2</li>
</ul>
</li>
<li><strong>Ensure unique hostid set for Function App</strong> [Low]
<ul>
<li><strong>Control:</strong> Other Best Practices</li>
<li><strong>Benefit:</strong> Easier management</li>
<li><strong>Affected Resources:</strong> 2</li>
</ul>
</li>
</ol>
","<p>All recommendations for <strong>Microsoft.Web/sites</strong> are completed. Resources validated against APRL checks.</p>
<p><strong>Recommendations to complete:</strong></p>
<ul>
<li>Monitor Performance [High] &mdash; 2 resource(s)</li>
<li>Enable Health check for App Services [High] &mdash; 1 resource(s)</li>
<li>Create a separate storage account for logs [Medium] &mdash; 2 resource(s)</li>
<li>Store configuration as app settings for Web Sites [Medium] &mdash; 2 resource(s)</li>
<li>No warmup trigger added to Function App [Medium] &mdash; 2 resource(s)</li>
<li>Ensure Function App runs a supported version [Medium] &mdash; 2 resource(s)</li>
<li>Ensure FUNCTIONS_WORKER_RUNTIME is set properly [Medium] &mdash; 2 resource(s)</li>
<li>Enable diagnostics logging [Low] &mdash; 2 resource(s)</li>
<li>Separate web apps from web APIs [Low] &mdash; 2 resource(s)</li>
<li>Ensure unique hostid set for Function App [Low] &mdash; 2 resource(s)</li>
</ul>","Microsoft.Web/sites; Apps","1","N9GFN-Test-Project","N9GFN-Test-Project\Backlog3"
"User Story","","","Sites - Recommendations","","<h1>Sites - Recommendations</h1>
<h2>Overview</h2>
<p>Consolidated APRL recommendations for <strong>Microsoft.Web/sites</strong> resources.</p>
<ul>
<li><strong>Impact:</strong> High</li>
<li><strong>WAF Pillars:</strong> Reliability</li>
<li><strong>Recommendations:</strong> 10</li>
<li><strong>Affected Resources:</strong> 2</li>
<li><strong>Source:</strong> APRL</li>
</ul>
<h2>Recommendations Summary</h2>
<table>
<tr><th>#</th><th>Recommendation</th><th>Impact</th><th>WAF Pillar</th><th>Affected Resources</th></tr>
<tr><td>1</td><td>Monitor Performance</td><td>High</td><td>Reliability</td><td>2</td></tr>
<tr><td>2</td><td>Enable Health check for App Services</td><td>High</td><td>Reliability</td><td>1</td></tr>
<tr><td>3</td><td>Create a separate storage account for logs</td><td>Medium</td><td>Reliability</td><td>2</td></tr>
<tr><td>4</td><td>Store configuration as app settings for Web Sites</td><td>Medium</td><td>Reliability</td><td>2</td></tr>
<tr><td>5</td><td>No warmup trigger added to Function App</td><td>Medium</td><td>Reliability</td><td>2</td></tr>
<tr><td>6</td><td>Ensure Function App runs a supported version</td><td>Medium</td><td>Reliability</td><td>2</td></tr>
<tr><td>7</td><td>Ensure FUNCTIONS_WORKER_RUNTIME is set properly</td><td>Medium</td><td>Reliability</td><td>2</td></tr>
<tr><td>8</td><td>Enable diagnostics logging</td><td>Low</td><td>Reliability</td><td>2</td></tr>
<tr><td>9</td><td>Separate web apps from web APIs</td><td>Low</td><td>Reliability</td><td>2</td></tr>
<tr><td>10</td><td>Ensure unique hostid set for Function App</td><td>Low</td><td>Reliability</td><td>2</td></tr>
</table>
","<ul>
<li>All 10 recommendation(s) have been implemented</li>
<li>All 2 affected resource(s) pass APRL compliance checks</li>
</ul>
<p><strong>Per-recommendation verification:</strong></p>
<ul>
<li><strong>Monitor Performance</strong> [High] &mdash; 2 resource(s) remediated (GUID: <code>a7e8bb3d-8ceb-442d-b26f-007cd63f9ffc</code>)</li>
<li><strong>Enable Health check for App Services</strong> [High] &mdash; 1 resource(s) remediated (GUID: <code>fd049c28-ae6d-48f0-a641-cc3ba1a3fe1d</code>)</li>
<li><strong>Create a separate storage account for logs</strong> [Medium] &mdash; 2 resource(s) remediated (GUID: <code>3f9ddb59-0bb3-4acb-9c9b-99aa1776f0ab</code>)</li>
<li><strong>Store configuration as app settings for Web Sites</strong> [Medium] &mdash; 2 resource(s) remediated (GUID: <code>0b80b67c-afbe-4988-ad58-a85a146b681e</code>)</li>
<li><strong>No warmup trigger added to Function App</strong> [Medium] &mdash; 2 resource(s) remediated (GUID: <code>52f368ee-1d77-4b34-92db-64be269642d0</code>)</li>
<li><strong>Ensure Function App runs a supported version</strong> [Medium] &mdash; 2 resource(s) remediated (GUID: <code>c9a278b7-024b-454b-bd54-41587c512b74</code>)</li>
<li><strong>Ensure FUNCTIONS_WORKER_RUNTIME is set properly</strong> [Medium] &mdash; 2 resource(s) remediated (GUID: <code>7c608f46-46b2-4cc0-bbd6-1d457c16671c</code>)</li>
<li><strong>Enable diagnostics logging</strong> [Low] &mdash; 2 resource(s) remediated (GUID: <code>493f6079-3bb6-4a56-96ba-ab3248474cb1</code>)</li>
<li><strong>Separate web apps from web APIs</strong> [Low] &mdash; 2 resource(s) remediated (GUID: <code>78a5c033-ff51-4332-8a71-83464c34494b</code>)</li>
<li><strong>Ensure unique hostid set for Function App</strong> [Low] &mdash; 2 resource(s) remediated (GUID: <code>0b06a688-0dd6-4d73-9f72-6666ff853ca9</code>)</li>
</ul>","High; Reliability; Azure Service; Source:APRL","1","N9GFN-Test-Project","N9GFN-Test-Project\Backlog3"
"Task","","","","Monitor Performance","<h1>Monitor Performance</h1>
<h2>Recommendation</h2>
<p>Use Application Insights to monitor app performance and load behavior, offering real-time insights, issue diagnosis, and root-cause analysis. It supports ASP.NET, ASP.NET Core, Java, and Node.js on Azure App Service, now with built-in monitoring.</p>
<h2>Details</h2>
<ul>
<li><strong>Impact:</strong> High</li>
<li><strong>WAF Pillar:</strong> Reliability</li>
<li><strong>Control:</strong> Monitoring And Alerting</li>
<li><strong>Potential Benefit:</strong> Real-time insights and issue diagnosis</li>
<li><strong>Source:</strong> APRL</li>
<li><strong>APRL Guid:</strong> a7e8bb3d-8ceb-442d-b26f-007cd63f9ffc</li>
</ul>
<h2>Learn More</h2>
<p><a href=""https://learn.microsoft.com/azure/application-insights/app-insights-overview"">https://learn.microsoft.com/azure/application-insights/app-insights-overview</a></p>
<h2>Affected Resources (2)</h2>
<table>
<tr><th>#</th><th>Resource Name</th><th>Resource Group</th><th>Location</th><th>Subscription</th></tr>
<tr><td>1</td><td>app-btr-demo-jfh3g0</td><td>rg-btr-demo</td><td>eastus</td><td>a4aef89a-cd11-438f-b30a-58e84134ade1</td></tr>
<tr><td>2</td><td>m2c-4sac2i6ziq5kc</td><td>rg-m2c-demo</td><td>eastus</td><td>a4aef89a-cd11-438f-b30a-58e84134ade1</td></tr>
</table>
","<ul>
<li>All 2 resource(s) have been remediated for recommendation <strong>Monitor Performance</strong></li>
<li>APRL check <code>a7e8bb3d-8ceb-442d-b26f-007cd63f9ffc</code> passes for all resources</li>
</ul>
<p><strong>Per-resource verification:</strong></p>
<ul>
<li>Resource <strong>app-btr-demo-jfh3g0</strong> in <code>rg-btr-demo</code> is compliant</li>
<li>Resource <strong>m2c-4sac2i6ziq5kc</strong> in <code>rg-m2c-demo</code> is compliant</li>
<li>Changes verified via <a href=""https://learn.microsoft.com/azure/application-insights/app-insights-overview"">https://learn.microsoft.com/azure/application-insights/app-insights-overview</a></li>
</ul>","High; Reliability; Source:APRL","1","N9GFN-Test-Project","N9GFN-Test-Project\Backlog3"
"Task","","","","Enable Health check for App Services","<h1>Enable Health check for App Services</h1>
<h2>Recommendation</h2>
<p>Use Health Check for production workloads. Health check increases your application's availability by rerouting requests away from unhealthy instances, and replacing instances if they remain unhealthy. The Health check path should check critical components of your application.</p>
<h2>Details</h2>
<ul>
<li><strong>Impact:</strong> High</li>
<li><strong>WAF Pillar:</strong> Reliability</li>
<li><strong>Control:</strong> Other Best Practices</li>
<li><strong>Potential Benefit:</strong> Enhanced reliability via automation</li>
<li><strong>Source:</strong> APRL</li>
<li><strong>APRL Guid:</strong> fd049c28-ae6d-48f0-a641-cc3ba1a3fe1d</li>
</ul>
<h2>Learn More</h2>
<p><a href=""https://learn.microsoft.com/azure/app-service/monitor-instances-health-check?tabs=dotnet#enable-health-check"">https://learn.microsoft.com/azure/app-service/monitor-instances-health-check?tabs=dotnet#enable-health-check</a></p>
<h2>Affected Resources (1)</h2>
<table>
<tr><th>#</th><th>Resource Name</th><th>Resource Group</th><th>Location</th><th>Subscription</th></tr>
<tr><td>1</td><td>app-btr-demo-jfh3g0</td><td>rg-btr-demo</td><td>eastus</td><td>a4aef89a-cd11-438f-b30a-58e84134ade1</td></tr>
</table>
","<ul>
<li>All 1 resource(s) have been remediated for recommendation <strong>Enable Health check for App Services</strong></li>
<li>APRL check <code>fd049c28-ae6d-48f0-a641-cc3ba1a3fe1d</code> passes for all resources</li>
</ul>
<p><strong>Per-resource verification:</strong></p>
<ul>
<li>Resource <strong>app-btr-demo-jfh3g0</strong> in <code>rg-btr-demo</code> is compliant</li>
<li>Changes verified via <a href=""https://learn.microsoft.com/azure/app-service/monitor-instances-health-check?tabs=dotnet#enable-health-check"">https://learn.microsoft.com/azure/app-service/monitor-instances-health-check?tabs=dotnet#enable-health-check</a></li>
</ul>","High; Reliability; Source:APRL","1","N9GFN-Test-Project","N9GFN-Test-Project\Backlog3"
"Task","","","","Create a separate storage account for logs","<h1>Create a separate storage account for logs</h1>
<h2>Recommendation</h2>
<p>Creating a separate storage account for logs and not using the same one for application data prevents logging activities from reducing application performance by ensuring that the resources dedicated to handling application data are not burdened by logging processes.</p>
<h2>Details</h2>
<ul>
<li><strong>Impact:</strong> Medium</li>
<li><strong>WAF Pillar:</strong> Reliability</li>
<li><strong>Control:</strong> Scalability</li>
<li><strong>Potential Benefit:</strong> Improves app performance</li>
<li><strong>Source:</strong> APRL</li>
<li><strong>APRL Guid:</strong> 3f9ddb59-0bb3-4acb-9c9b-99aa1776f0ab</li>
</ul>
<h2>Learn More</h2>
<p><a href=""https://learn.microsoft.com/azure/architecture/checklist/resiliency-per-service#app-service"">https://learn.microsoft.com/azure/architecture/checklist/resiliency-per-service#app-service</a></p>
<h2>Affected Resources (2)</h2>
<table>
<tr><th>#</th><th>Resource Name</th><th>Resource Group</th><th>Location</th><th>Subscription</th></tr>
<tr><td>1</td><td>app-btr-demo-jfh3g0</td><td>rg-btr-demo</td><td>eastus</td><td>a4aef89a-cd11-438f-b30a-58e84134ade1</td></tr>
<tr><td>2</td><td>m2c-4sac2i6ziq5kc</td><td>rg-m2c-demo</td><td>eastus</td><td>a4aef89a-cd11-438f-b30a-58e84134ade1</td></tr>
</table>
","<ul>
<li>All 2 resource(s) have been remediated for recommendation <strong>Create a separate storage account for logs</strong></li>
<li>APRL check <code>3f9ddb59-0bb3-4acb-9c9b-99aa1776f0ab</code> passes for all resources</li>
</ul>
<p><strong>Per-resource verification:</strong></p>
<ul>
<li>Resource <strong>app-btr-demo-jfh3g0</strong> in <code>rg-btr-demo</code> is compliant</li>
<li>Resource <strong>m2c-4sac2i6ziq5kc</strong> in <code>rg-m2c-demo</code> is compliant</li>
<li>Changes verified via <a href=""https://learn.microsoft.com/azure/architecture/checklist/resiliency-per-service#app-service"">https://learn.microsoft.com/azure/architecture/checklist/resiliency-per-service#app-service</a></li>
</ul>","Medium; Reliability; Source:APRL","2","N9GFN-Test-Project","N9GFN-Test-Project\Backlog3"
"Task","","","","Store configuration as app settings for Web Sites","<h1>Store configuration as app settings for Web Sites</h1>
<h2>Recommendation</h2>
<p>Use app settings for configuration and define them in Resource Manager templates or via PowerShell to facilitate part of an automated deployment/update process for improved reliability.</p>
<h2>Details</h2>
<ul>
<li><strong>Impact:</strong> Medium</li>
<li><strong>WAF Pillar:</strong> Reliability</li>
<li><strong>Control:</strong> Other Best Practices</li>
<li><strong>Potential Benefit:</strong> Enhanced reliability via automation</li>
<li><strong>Source:</strong> APRL</li>
<li><strong>APRL Guid:</strong> 0b80b67c-afbe-4988-ad58-a85a146b681e</li>
</ul>
<h2>Learn More</h2>
<p><a href=""https://learn.microsoft.com/azure/app-service-web/web-sites-configure"">https://learn.microsoft.com/azure/app-service-web/web-sites-configure</a></p>
<h2>Affected Resources (2)</h2>
<table>
<tr><th>#</th><th>Resource Name</th><th>Resource Group</th><th>Location</th><th>Subscription</th></tr>
<tr><td>1</td><td>app-btr-demo-jfh3g0</td><td>rg-btr-demo</td><td>eastus</td><td>a4aef89a-cd11-438f-b30a-58e84134ade1</td></tr>
<tr><td>2</td><td>m2c-4sac2i6ziq5kc</td><td>rg-m2c-demo</td><td>eastus</td><td>a4aef89a-cd11-438f-b30a-58e84134ade1</td></tr>
</table>
","<ul>
<li>All 2 resource(s) have been remediated for recommendation <strong>Store configuration as app settings for Web Sites</strong></li>
<li>APRL check <code>0b80b67c-afbe-4988-ad58-a85a146b681e</code> passes for all resources</li>
</ul>
<p><strong>Per-resource verification:</strong></p>
<ul>
<li>Resource <strong>app-btr-demo-jfh3g0</strong> in <code>rg-btr-demo</code> is compliant</li>
<li>Resource <strong>m2c-4sac2i6ziq5kc</strong> in <code>rg-m2c-demo</code> is compliant</li>
<li>Changes verified via <a href=""https://learn.microsoft.com/azure/app-service-web/web-sites-configure"">https://learn.microsoft.com/azure/app-service-web/web-sites-configure</a></li>
</ul>","Medium; Reliability; Source:APRL","2","N9GFN-Test-Project","N9GFN-Test-Project\Backlog3"
"Task","","","","No warmup trigger added to Function App","<h1>No warmup trigger added to Function App</h1>
<h2>Recommendation</h2>
<p>Add a warmup trigger to pre-load custom dependencies during the pre-warming process so that your functions are ready to start processing requests immediately.</p>
<h2>Details</h2>
<ul>
<li><strong>Impact:</strong> Medium</li>
<li><strong>WAF Pillar:</strong> Reliability</li>
<li><strong>Control:</strong> Monitoring And Alerting</li>
<li><strong>Potential Benefit:</strong> Improved app availability</li>
<li><strong>Source:</strong> APRL</li>
<li><strong>APRL Guid:</strong> 52f368ee-1d77-4b34-92db-64be269642d0</li>
</ul>
<h2>Learn More</h2>
<p><a href=""https://learn.microsoft.com/azure/azure-functions/functions-bindings-warmup?tabs=in-process%2Cnodejs-v4&pivots=programming-language-csharp#trigger"">https://learn.microsoft.com/azure/azure-functions/functions-bindings-warmup?tabs=in-process%2Cnodejs-v4&pivots=programming-language-csharp#trigger</a></p>
<h2>Affected Resources (2)</h2>
<table>
<tr><th>#</th><th>Resource Name</th><th>Resource Group</th><th>Location</th><th>Subscription</th></tr>
<tr><td>1</td><td>app-btr-demo-jfh3g0</td><td>rg-btr-demo</td><td>eastus</td><td>a4aef89a-cd11-438f-b30a-58e84134ade1</td></tr>
<tr><td>2</td><td>m2c-4sac2i6ziq5kc</td><td>rg-m2c-demo</td><td>eastus</td><td>a4aef89a-cd11-438f-b30a-58e84134ade1</td></tr>
</table>
","<ul>
<li>All 2 resource(s) have been remediated for recommendation <strong>No warmup trigger added to Function App</strong></li>
<li>APRL check <code>52f368ee-1d77-4b34-92db-64be269642d0</code> passes for all resources</li>
</ul>
<p><strong>Per-resource verification:</strong></p>
<ul>
<li>Resource <strong>app-btr-demo-jfh3g0</strong> in <code>rg-btr-demo</code> is compliant</li>
<li>Resource <strong>m2c-4sac2i6ziq5kc</strong> in <code>rg-m2c-demo</code> is compliant</li>
<li>Changes verified via <a href=""https://learn.microsoft.com/azure/azure-functions/functions-bindings-warmup?tabs=in-process%2Cnodejs-v4&pivots=programming-language-csharp#trigger"">https://learn.microsoft.com/azure/azure-functions/functions-bindings-warmup?tabs=in-process%2Cnodejs-v4&pivots=programming-language-csharp#trigger</a></li>
</ul>","Medium; Reliability; Source:APRL","2","N9GFN-Test-Project","N9GFN-Test-Project\Backlog3"
"Task","","","","Ensure Function App runs a supported version","<h1>Ensure Function App runs a supported version</h1>
<h2>Recommendation</h2>
<p>Beginning on December 13, 2022, function apps running on versions 2.x and 3.x of the Azure Functions runtime have reached the end of life (EOL) of extended support. We highly recommend you migrating your function apps to version 4.x of the Functions runtime.</p>
<h2>Details</h2>
<ul>
<li><strong>Impact:</strong> Medium</li>
<li><strong>WAF Pillar:</strong> Reliability</li>
<li><strong>Control:</strong> Other Best Practices</li>
<li><strong>Potential Benefit:</strong> Better governance</li>
<li><strong>Source:</strong> APRL</li>
<li><strong>APRL Guid:</strong> c9a278b7-024b-454b-bd54-41587c512b74</li>
</ul>
<h2>Learn More</h2>
<p><a href=""https://learn.microsoft.com/azure/azure-functions/migrate-version-3-version-4?tabs=net6-in-proc%2Cazure-cli%2Cwindows&pivots=programming-language-csharp"">https://learn.microsoft.com/azure/azure-functions/migrate-version-3-version-4?tabs=net6-in-proc%2Cazure-cli%2Cwindows&pivots=programming-language-csharp</a></p>
<h2>Affected Resources (2)</h2>
<table>
<tr><th>#</th><th>Resource Name</th><th>Resource Group</th><th>Location</th><th>Subscription</th></tr>
<tr><td>1</td><td>app-btr-demo-jfh3g0</td><td>rg-btr-demo</td><td>eastus</td><td>a4aef89a-cd11-438f-b30a-58e84134ade1</td></tr>
<tr><td>2</td><td>m2c-4sac2i6ziq5kc</td><td>rg-m2c-demo</td><td>eastus</td><td>a4aef89a-cd11-438f-b30a-58e84134ade1</td></tr>
</table>
","<ul>
<li>All 2 resource(s) have been remediated for recommendation <strong>Ensure Function App runs a supported version</strong></li>
<li>APRL check <code>c9a278b7-024b-454b-bd54-41587c512b74</code> passes for all resources</li>
</ul>
<p><strong>Per-resource verification:</strong></p>
<ul>
<li>Resource <strong>app-btr-demo-jfh3g0</strong> in <code>rg-btr-demo</code> is compliant</li>
<li>Resource <strong>m2c-4sac2i6ziq5kc</strong> in <code>rg-m2c-demo</code> is compliant</li>
<li>Changes verified via <a href=""https://learn.microsoft.com/azure/azure-functions/migrate-version-3-version-4?tabs=net6-in-proc%2Cazure-cli%2Cwindows&pivots=programming-language-csharp"">https://learn.microsoft.com/azure/azure-functions/migrate-version-3-version-4?tabs=net6-in-proc%2Cazure-cli%2Cwindows&pivots=programming-language-csharp</a></li>
</ul>","Medium; Reliability; Source:APRL","2","N9GFN-Test-Project","N9GFN-Test-Project\Backlog3"
"Task","","","","Ensure FUNCTIONS_WORKER_RUNTIME is set properly","<h1>Ensure FUNCTIONS_WORKER_RUNTIME is set properly</h1>
<h2>Recommendation</h2>
<p>The FUNCTIONS_WORKER_RUNTIME setting in the Function App configuration should be set to the appropriate value based on the language you are using. This setting is used to determine the language worker that will be used to execute your functions.</p>
<h2>Details</h2>
<ul>
<li><strong>Impact:</strong> Medium</li>
<li><strong>WAF Pillar:</strong> Reliability</li>
<li><strong>Control:</strong> Other Best Practices</li>
<li><strong>Potential Benefit:</strong> Better governance</li>
<li><strong>Source:</strong> APRL</li>
<li><strong>APRL Guid:</strong> 7c608f46-46b2-4cc0-bbd6-1d457c16671c</li>
</ul>
<h2>Learn More</h2>
<p><a href=""https://learn.microsoft.com/azure/azure-functions/functions-app-settings#functions_worker_runtime"">https://learn.microsoft.com/azure/azure-functions/functions-app-settings#functions_worker_runtime</a></p>
<h2>Affected Resources (2)</h2>
<table>
<tr><th>#</th><th>Resource Name</th><th>Resource Group</th><th>Location</th><th>Subscription</th></tr>
<tr><td>1</td><td>app-btr-demo-jfh3g0</td><td>rg-btr-demo</td><td>eastus</td><td>a4aef89a-cd11-438f-b30a-58e84134ade1</td></tr>
<tr><td>2</td><td>m2c-4sac2i6ziq5kc</td><td>rg-m2c-demo</td><td>eastus</td><td>a4aef89a-cd11-438f-b30a-58e84134ade1</td></tr>
</table>
","<ul>
<li>All 2 resource(s) have been remediated for recommendation <strong>Ensure FUNCTIONS_WORKER_RUNTIME is set properly</strong></li>
<li>APRL check <code>7c608f46-46b2-4cc0-bbd6-1d457c16671c</code> passes for all resources</li>
</ul>
<p><strong>Per-resource verification:</strong></p>
<ul>
<li>Resource <strong>app-btr-demo-jfh3g0</strong> in <code>rg-btr-demo</code> is compliant</li>
<li>Resource <strong>m2c-4sac2i6ziq5kc</strong> in <code>rg-m2c-demo</code> is compliant</li>
<li>Changes verified via <a href=""https://learn.microsoft.com/azure/azure-functions/functions-app-settings#functions_worker_runtime"">https://learn.microsoft.com/azure/azure-functions/functions-app-settings#functions_worker_runtime</a></li>
</ul>","Medium; Reliability; Source:APRL","2","N9GFN-Test-Project","N9GFN-Test-Project\Backlog3"
"Task","","","","Enable diagnostics logging","<h1>Enable diagnostics logging</h1>
<h2>Recommendation</h2>
<p>Enabling diagnostics logging for your Azure App Service is crucial for monitoring and diagnostics, including both application logging and web server logging.</p>
<h2>Details</h2>
<ul>
<li><strong>Impact:</strong> Low</li>
<li><strong>WAF Pillar:</strong> Reliability</li>
<li><strong>Control:</strong> Monitoring And Alerting</li>
<li><strong>Potential Benefit:</strong> Monitoring and Alerting</li>
<li><strong>Source:</strong> APRL</li>
<li><strong>APRL Guid:</strong> 493f6079-3bb6-4a56-96ba-ab3248474cb1</li>
</ul>
<h2>Learn More</h2>
<p><a href=""https://learn.microsoft.com/azure/app-service/troubleshoot-diagnostic-logs"">https://learn.microsoft.com/azure/app-service/troubleshoot-diagnostic-logs</a></p>
<h2>Affected Resources (2)</h2>
<table>
<tr><th>#</th><th>Resource Name</th><th>Resource Group</th><th>Location</th><th>Subscription</th></tr>
<tr><td>1</td><td>app-btr-demo-jfh3g0</td><td>rg-btr-demo</td><td>eastus</td><td>a4aef89a-cd11-438f-b30a-58e84134ade1</td></tr>
<tr><td>2</td><td>m2c-4sac2i6ziq5kc</td><td>rg-m2c-demo</td><td>eastus</td><td>a4aef89a-cd11-438f-b30a-58e84134ade1</td></tr>
</table>
","<ul>
<li>All 2 resource(s) have been remediated for recommendation <strong>Enable diagnostics logging</strong></li>
<li>APRL check <code>493f6079-3bb6-4a56-96ba-ab3248474cb1</code> passes for all resources</li>
</ul>
<p><strong>Per-resource verification:</strong></p>
<ul>
<li>Resource <strong>app-btr-demo-jfh3g0</strong> in <code>rg-btr-demo</code> is compliant</li>
<li>Resource <strong>m2c-4sac2i6ziq5kc</strong> in <code>rg-m2c-demo</code> is compliant</li>
<li>Changes verified via <a href=""https://learn.microsoft.com/azure/app-service/troubleshoot-diagnostic-logs"">https://learn.microsoft.com/azure/app-service/troubleshoot-diagnostic-logs</a></li>
</ul>","Low; Reliability; Source:APRL","3","N9GFN-Test-Project","N9GFN-Test-Project\Backlog3"
"Task","","","","Separate web apps from web APIs","<h1>Separate web apps from web APIs</h1>
<h2>Recommendation</h2>
<p>If your solution includes both a web front end and a web API, decomposing them into separate App Service apps facilitates solution decomposition by workload, allowing for independent scaling. Initially, you can deploy both in the same plan and separate them for independent scaling when necessary.</p>
<h2>Details</h2>
<ul>
<li><strong>Impact:</strong> Low</li>
<li><strong>WAF Pillar:</strong> Reliability</li>
<li><strong>Control:</strong> Scalability</li>
<li><strong>Potential Benefit:</strong> Independent scaling, easier management</li>
<li><strong>Source:</strong> APRL</li>
<li><strong>APRL Guid:</strong> 78a5c033-ff51-4332-8a71-83464c34494b</li>
</ul>
<h2>Learn More</h2>
<p><a href=""https://learn.microsoft.com/azure/architecture/checklist/resiliency-per-service#app-service"">https://learn.microsoft.com/azure/architecture/checklist/resiliency-per-service#app-service</a></p>
<h2>Affected Resources (2)</h2>
<table>
<tr><th>#</th><th>Resource Name</th><th>Resource Group</th><th>Location</th><th>Subscription</th></tr>
<tr><td>1</td><td>app-btr-demo-jfh3g0</td><td>rg-btr-demo</td><td>eastus</td><td>a4aef89a-cd11-438f-b30a-58e84134ade1</td></tr>
<tr><td>2</td><td>m2c-4sac2i6ziq5kc</td><td>rg-m2c-demo</td><td>eastus</td><td>a4aef89a-cd11-438f-b30a-58e84134ade1</td></tr>
</table>
","<ul>
<li>All 2 resource(s) have been remediated for recommendation <strong>Separate web apps from web APIs</strong></li>
<li>APRL check <code>78a5c033-ff51-4332-8a71-83464c34494b</code> passes for all resources</li>
</ul>
<p><strong>Per-resource verification:</strong></p>
<ul>
<li>Resource <strong>app-btr-demo-jfh3g0</strong> in <code>rg-btr-demo</code> is compliant</li>
<li>Resource <strong>m2c-4sac2i6ziq5kc</strong> in <code>rg-m2c-demo</code> is compliant</li>
<li>Changes verified via <a href=""https://learn.microsoft.com/azure/architecture/checklist/resiliency-per-service#app-service"">https://learn.microsoft.com/azure/architecture/checklist/resiliency-per-service#app-service</a></li>
</ul>","Low; Reliability; Source:APRL","3","N9GFN-Test-Project","N9GFN-Test-Project\Backlog3"
"Task","","","","Ensure unique hostid set for Function App","<h1>Ensure unique hostid set for Function App</h1>
<h2>Recommendation</h2>
<p>A host ID must be between 1 and 32 characters, contain only lowercase letters, numbers, and dashes, not start or end with a dash, and not contain consecutive dashes. The host ID value should be unique for all apps/slots you're running.</p>
<h2>Details</h2>
<ul>
<li><strong>Impact:</strong> Low</li>
<li><strong>WAF Pillar:</strong> Reliability</li>
<li><strong>Control:</strong> Other Best Practices</li>
<li><strong>Potential Benefit:</strong> Easier management</li>
<li><strong>Source:</strong> APRL</li>
<li><strong>APRL Guid:</strong> 0b06a688-0dd6-4d73-9f72-6666ff853ca9</li>
</ul>
<h2>Learn More</h2>
<p><a href=""https://learn.microsoft.com/azure/azure-resource-manager/management/resource-name-rules"">https://learn.microsoft.com/azure/azure-resource-manager/management/resource-name-rules</a></p>
<h2>Affected Resources (2)</h2>
<table>
<tr><th>#</th><th>Resource Name</th><th>Resource Group</th><th>Location</th><th>Subscription</th></tr>
<tr><td>1</td><td>app-btr-demo-jfh3g0</td><td>rg-btr-demo</td><td>eastus</td><td>a4aef89a-cd11-438f-b30a-58e84134ade1</td></tr>
<tr><td>2</td><td>m2c-4sac2i6ziq5kc</td><td>rg-m2c-demo</td><td>eastus</td><td>a4aef89a-cd11-438f-b30a-58e84134ade1</td></tr>
</table>
","<ul>
<li>All 2 resource(s) have been remediated for recommendation <strong>Ensure unique hostid set for Function App</strong></li>
<li>APRL check <code>0b06a688-0dd6-4d73-9f72-6666ff853ca9</code> passes for all resources</li>
</ul>
<p><strong>Per-resource verification:</strong></p>
<ul>
<li>Resource <strong>app-btr-demo-jfh3g0</strong> in <code>rg-btr-demo</code> is compliant</li>
<li>Resource <strong>m2c-4sac2i6ziq5kc</strong> in <code>rg-m2c-demo</code> is compliant</li>
<li>Changes verified via <a href=""https://learn.microsoft.com/azure/azure-resource-manager/management/resource-name-rules"">https://learn.microsoft.com/azure/azure-resource-manager/management/resource-name-rules</a></li>
</ul>","Low; Reliability; Source:APRL","3","N9GFN-Test-Project","N9GFN-Test-Project\Backlog3"
"Epic","Compute","","","","<h1>Compute</h1>
<h2>Overview</h2>
<p>Virtual machines, scale sets, containers, and orchestration</p>
<p><strong>WAF Pillars:</strong> Reliability</p>
<h2>Scope</h2>
<ul>
<li><strong>Total Features:</strong> 3</li>
<li><strong>Total Recommendations:</strong> 3</li>
<li><strong>Total Affected Resources:</strong> 12</li>
<li><strong>Subscriptions:</strong> a4aef89a-cd11-438f-b30a-58e84134ade1</li>
</ul>
<h2>Impact Summary</h2>
<ul>
<li><strong>Medium:</strong> 8 recommendation(s)</li>
<li><strong>Low:</strong> 2 recommendation(s)</li>
<li><strong>High:</strong> 3 recommendation(s)</li>
</ul>
<h2>Features</h2>
<ul>
<li><strong>Virtual Machines</strong> (Microsoft.Compute/virtualMachines) &mdash; 6 resource(s), 1 recommendation(s)</li>
<li><strong>Virtualmachines</strong> (microsoft.compute/virtualmachines) &mdash; 3 resource(s), 1 recommendation(s)</li>
<li><strong>Disks</strong> (microsoft.compute/disks) &mdash; 3 resource(s), 1 recommendation(s)</li>
</ul>
","<p>All Features within this Epic are completed and verified.</p>
<p><strong>Features to complete:</strong></p>
<ul>
<li>Virtual Machines (Microsoft.Compute/virtualMachines) &mdash; 1 recommendation(s), 5 resource(s)</li>
<li>Virtualmachines (microsoft.compute/virtualmachines) &mdash; 1 recommendation(s), 6 resource(s)</li>
<li>Disks (microsoft.compute/disks) &mdash; 1 recommendation(s), 2 resource(s)</li>
</ul>","Reliability; Compute","2","N9GFN-Test-Project","N9GFN-Test-Project\Backlog3"
"Feature","","Virtual Machines","","","<h1>Virtual Machines (Microsoft.Compute/virtualMachines)</h1>
<h2>Overview</h2>
<p>Recommendations for <strong>Microsoft.Compute/virtualMachines</strong> resources within the <strong>Compute</strong> domain.</p>
<h2>Scope</h2>
<ul>
<li><strong>Recommendations:</strong> 5</li>
<li><strong>Affected Resources:</strong> 6</li>
<li><strong>Resource Groups:</strong> resiliancetestingworkload, rg-btr-demo</li>
<li><strong>Subscriptions:</strong> a4aef89a-cd11-438f-b30a-58e84134ade1</li>
<li><strong>Regions:</strong> uksouth</li>
</ul>
<h2>Impact Breakdown</h2>
<ul>
<li><strong>Medium:</strong> 4</li>
<li><strong>Low:</strong> 1</li>
</ul>
<h2>Recommendations</h2>
<ol>
<li><strong>Enable Accelerated Networking (AccelNet)</strong> [Medium]
<ul>
<li><strong>Control:</strong> Scalability</li>
<li><strong>Benefit:</strong> Reduces latency, jitter and CPU use</li>
<li><strong>Affected Resources:</strong> 3</li>
</ul>
</li>
<li><strong>Use Azure Boost VMs for Maintenance sensitive workload VMs</strong> [Medium]
<ul>
<li><strong>Control:</strong> High Availability</li>
<li><strong>Benefit:</strong> Less maintenance impact</li>
<li><strong>Affected Resources:</strong> 3</li>
</ul>
</li>
<li><strong>Enable Scheduled Events for Maintenance sensitive workload VMs</strong> [Medium]
<ul>
<li><strong>Control:</strong> High Availability</li>
<li><strong>Benefit:</strong> Minimize downtime for VMs</li>
<li><strong>Affected Resources:</strong> 3</li>
</ul>
</li>
<li><strong>Reserve Compute Capacity in Disaster Recovery Regions</strong> [Medium]
<ul>
<li><strong>Control:</strong> Disaster Recovery</li>
<li><strong>Benefit:</strong> Guaranteed capacity in disaster recovery regions</li>
<li><strong>Affected Resources:</strong> 3</li>
</ul>
</li>
<li><strong>Enable VM Insights</strong> [Low]
<ul>
<li><strong>Control:</strong> Monitoring And Alerting</li>
<li><strong>Benefit:</strong> Improves VM performance and health</li>
<li><strong>Affected Resources:</strong> 3</li>
</ul>
</li>
</ol>
","<p>All recommendations for <strong>Microsoft.Compute/virtualMachines</strong> are completed. Resources validated against APRL checks.</p>
<p><strong>Recommendations to complete:</strong></p>
<ul>
<li>Enable Accelerated Networking (AccelNet) [Medium] &mdash; 3 resource(s)</li>
<li>Use Azure Boost VMs for Maintenance sensitive workload VMs [Medium] &mdash; 3 resource(s)</li>
<li>Enable Scheduled Events for Maintenance sensitive workload VMs [Medium] &mdash; 3 resource(s)</li>
<li>Reserve Compute Capacity in Disaster Recovery Regions [Medium] &mdash; 3 resource(s)</li>
<li>Enable VM Insights [Low] &mdash; 3 resource(s)</li>
</ul>","Microsoft.Compute/virtualMachines; Compute","2","N9GFN-Test-Project","N9GFN-Test-Project\Backlog3"
"User Story","","","Virtual Machines - Recommendations","","<h1>Virtual Machines - Recommendations</h1>
<h2>Overview</h2>
<p>Consolidated APRL recommendations for <strong>Microsoft.Compute/virtualMachines</strong> resources.</p>
<ul>
<li><strong>Impact:</strong> Medium</li>
<li><strong>WAF Pillars:</strong> Reliability</li>
<li><strong>Recommendations:</strong> 5</li>
<li><strong>Affected Resources:</strong> 6</li>
<li><strong>Source:</strong> APRL</li>
</ul>
<h2>Recommendations Summary</h2>
<table>
<tr><th>#</th><th>Recommendation</th><th>Impact</th><th>WAF Pillar</th><th>Affected Resources</th></tr>
<tr><td>1</td><td>Enable Accelerated Networking (AccelNet)</td><td>Medium</td><td>Reliability</td><td>3</td></tr>
<tr><td>2</td><td>Use Azure Boost VMs for Maintenance sensitive workload VMs</td><td>Medium</td><td>Reliability</td><td>3</td></tr>
<tr><td>3</td><td>Enable Scheduled Events for Maintenance sensitive workload VMs</td><td>Medium</td><td>Reliability</td><td>3</td></tr>
<tr><td>4</td><td>Reserve Compute Capacity in Disaster Recovery Regions</td><td>Medium</td><td>Reliability</td><td>3</td></tr>
<tr><td>5</td><td>Enable VM Insights</td><td>Low</td><td>Reliability</td><td>3</td></tr>
</table>
","<ul>
<li>All 5 recommendation(s) have been implemented</li>
<li>All 6 affected resource(s) pass APRL compliance checks</li>
</ul>
<p><strong>Per-recommendation verification:</strong></p>
<ul>
<li><strong>Enable Accelerated Networking (AccelNet)</strong> [Medium] &mdash; 3 resource(s) remediated (GUID: <code>dfedbeb1-1519-fc47-86a5-52f96cf07105</code>)</li>
<li><strong>Use Azure Boost VMs for Maintenance sensitive workload VMs</strong> [Medium] &mdash; 3 resource(s) remediated (GUID: <code>9ab499d8-8844-424d-a2d4-8f53690eb8f8</code>)</li>
<li><strong>Enable Scheduled Events for Maintenance sensitive workload VMs</strong> [Medium] &mdash; 3 resource(s) remediated (GUID: <code>2de8fa5e-14f4-4c4c-857f-1520f87a629f</code>)</li>
<li><strong>Reserve Compute Capacity in Disaster Recovery Regions</strong> [Medium] &mdash; 3 resource(s) remediated (GUID: <code>587ca3e4-113b-4c4f-b4e0-92cd8d2065b6</code>)</li>
<li><strong>Enable VM Insights</strong> [Low] &mdash; 3 resource(s) remediated (GUID: <code>b72214bb-e879-5f4b-b9cd-642db84f36f4</code>)</li>
</ul>","Medium; Reliability; Azure Service; Source:APRL","2","N9GFN-Test-Project","N9GFN-Test-Project\Backlog3"
"Task","","","","Enable Accelerated Networking (AccelNet)","<h1>Enable Accelerated Networking (AccelNet)</h1>
<h2>Recommendation</h2>
<p>Accelerated networking enables SR-IOV to a VM, greatly improving its networking performance by bypassing the host from the data path, which reduces latency, jitter, and CPU utilization for demanding network workloads on supported VM types.</p>
<h2>Details</h2>
<ul>
<li><strong>Impact:</strong> Medium</li>
<li><strong>WAF Pillar:</strong> Reliability</li>
<li><strong>Control:</strong> Scalability</li>
<li><strong>Potential Benefit:</strong> Reduces latency, jitter and CPU use</li>
<li><strong>Source:</strong> APRL</li>
<li><strong>APRL Guid:</strong> dfedbeb1-1519-fc47-86a5-52f96cf07105</li>
</ul>
<h2>Learn More</h2>
<p><a href=""https://learn.microsoft.com/azure/virtual-network/accelerated-networking-overview"">https://learn.microsoft.com/azure/virtual-network/accelerated-networking-overview</a></p>
<h2>Affected Resources (3)</h2>
<table>
<tr><th>#</th><th>Resource Name</th><th>Resource Group</th><th>Location</th><th>Subscription</th></tr>
<tr><td>1</td><td>server01</td><td>resiliancetestingworkload</td><td>uksouth</td><td>a4aef89a-cd11-438f-b30a-58e84134ade1</td></tr>
<tr><td>2</td><td>server02</td><td>resiliancetestingworkload</td><td>uksouth</td><td>a4aef89a-cd11-438f-b30a-58e84134ade1</td></tr>
<tr><td>3</td><td>vm-dev-btr-demo</td><td>rg-btr-demo</td><td>uksouth</td><td>a4aef89a-cd11-438f-b30a-58e84134ade1</td></tr>
</table>
","<ul>
<li>All 3 resource(s) have been remediated for recommendation <strong>Enable Accelerated Networking (AccelNet)</strong></li>
<li>APRL check <code>dfedbeb1-1519-fc47-86a5-52f96cf07105</code> passes for all resources</li>
</ul>
<p><strong>Per-resource verification:</strong></p>
<ul>
<li>Resource <strong>server01</strong> in <code>resiliancetestingworkload</code> is compliant</li>
<li>Resource <strong>server02</strong> in <code>resiliancetestingworkload</code> is compliant</li>
<li>Resource <strong>vm-dev-btr-demo</strong> in <code>rg-btr-demo</code> is compliant</li>
<li>Changes verified via <a href=""https://learn.microsoft.com/azure/virtual-network/accelerated-networking-overview"">https://learn.microsoft.com/azure/virtual-network/accelerated-networking-overview</a></li>
</ul>","Medium; Reliability; Source:APRL","2","N9GFN-Test-Project","N9GFN-Test-Project\Backlog3"
"Task","","","","Use Azure Boost VMs for Maintenance sensitive workload VMs","<h1>Use Azure Boost VMs for Maintenance sensitive workload VMs</h1>
<h2>Recommendation</h2>
<p>If the workload is Maintenance sensitive, consider Azure Boost compatible VMs. Azure Boost is designed to lessen the impact on customers when Azure maintenance activities occur on the host.</p>
<h2>Details</h2>
<ul>
<li><strong>Impact:</strong> Medium</li>
<li><strong>WAF Pillar:</strong> Reliability</li>
<li><strong>Control:</strong> High Availability</li>
<li><strong>Potential Benefit:</strong> Less maintenance impact</li>
<li><strong>Source:</strong> APRL</li>
<li><strong>APRL Guid:</strong> 9ab499d8-8844-424d-a2d4-8f53690eb8f8</li>
</ul>
<h2>Learn More</h2>
<p><a href=""https://learn.microsoft.com/azure/azure-boost/overview"">https://learn.microsoft.com/azure/azure-boost/overview</a></p>
<h2>Affected Resources (3)</h2>
<table>
<tr><th>#</th><th>Resource Name</th><th>Resource Group</th><th>Location</th><th>Subscription</th></tr>
<tr><td>1</td><td>vm-dev-btr-demo</td><td>rg-btr-demo</td><td>uksouth</td><td>a4aef89a-cd11-438f-b30a-58e84134ade1</td></tr>
<tr><td>2</td><td>server01</td><td>resiliancetestingworkload</td><td>uksouth</td><td>a4aef89a-cd11-438f-b30a-58e84134ade1</td></tr>
<tr><td>3</td><td>server02</td><td>resiliancetestingworkload</td><td>uksouth</td><td>a4aef89a-cd11-438f-b30a-58e84134ade1</td></tr>
</table>
","<ul>
<li>All 3 resource(s) have been remediated for recommendation <strong>Use Azure Boost VMs for Maintenance sensitive workload VMs</strong></li>
<li>APRL check <code>9ab499d8-8844-424d-a2d4-8f53690eb8f8</code> passes for all resources</li>
</ul>
<p><strong>Per-resource verification:</strong></p>
<ul>
<li>Resource <strong>vm-dev-btr-demo</strong> in <code>rg-btr-demo</code> is compliant</li>
<li>Resource <strong>server01</strong> in <code>resiliancetestingworkload</code> is compliant</li>
<li>Resource <strong>server02</strong> in <code>resiliancetestingworkload</code> is compliant</li>
<li>Changes verified via <a href=""https://learn.microsoft.com/azure/azure-boost/overview"">https://learn.microsoft.com/azure/azure-boost/overview</a></li>
</ul>","Medium; Reliability; Source:APRL","2","N9GFN-Test-Project","N9GFN-Test-Project\Backlog3"
"Task","","","","Enable Scheduled Events for Maintenance sensitive workload VMs","<h1>Enable Scheduled Events for Maintenance sensitive workload VMs</h1>
<h2>Recommendation</h2>
<p>If your workload is Maintenance sensitive, enable Scheduled Events. This Azure Metadata Service lets your app prepare for virtual machine maintenance by providing information on upcoming events like reboots, reducing disruptions.</p>
<h2>Details</h2>
<ul>
<li><strong>Impact:</strong> Medium</li>
<li><strong>WAF Pillar:</strong> Reliability</li>
<li><strong>Control:</strong> High Availability</li>
<li><strong>Potential Benefit:</strong> Minimize downtime for VMs</li>
<li><strong>Source:</strong> APRL</li>
<li><strong>APRL Guid:</strong> 2de8fa5e-14f4-4c4c-857f-1520f87a629f</li>
</ul>
<h2>Learn More</h2>
<p><a href=""https://learn.microsoft.com/azure/virtual-machines/windows/scheduled-event-service"">https://learn.microsoft.com/azure/virtual-machines/windows/scheduled-event-service</a></p>
<h2>Affected Resources (3)</h2>
<table>
<tr><th>#</th><th>Resource Name</th><th>Resource Group</th><th>Location</th><th>Subscription</th></tr>
<tr><td>1</td><td>vm-dev-btr-demo</td><td>rg-btr-demo</td><td>uksouth</td><td>a4aef89a-cd11-438f-b30a-58e84134ade1</td></tr>
<tr><td>2</td><td>server01</td><td>resiliancetestingworkload</td><td>uksouth</td><td>a4aef89a-cd11-438f-b30a-58e84134ade1</td></tr>
<tr><td>3</td><td>server02</td><td>resiliancetestingworkload</td><td>uksouth</td><td>a4aef89a-cd11-438f-b30a-58e84134ade1</td></tr>
</table>
","<ul>
<li>All 3 resource(s) have been remediated for recommendation <strong>Enable Scheduled Events for Maintenance sensitive workload VMs</strong></li>
<li>APRL check <code>2de8fa5e-14f4-4c4c-857f-1520f87a629f</code> passes for all resources</li>
</ul>
<p><strong>Per-resource verification:</strong></p>
<ul>
<li>Resource <strong>vm-dev-btr-demo</strong> in <code>rg-btr-demo</code> is compliant</li>
<li>Resource <strong>server01</strong> in <code>resiliancetestingworkload</code> is compliant</li>
<li>Resource <strong>server02</strong> in <code>resiliancetestingworkload</code> is compliant</li>
<li>Changes verified via <a href=""https://learn.microsoft.com/azure/virtual-machines/windows/scheduled-event-service"">https://learn.microsoft.com/azure/virtual-machines/windows/scheduled-event-service</a></li>
</ul>","Medium; Reliability; Source:APRL","2","N9GFN-Test-Project","N9GFN-Test-Project\Backlog3"
"Task","","","","Reserve Compute Capacity in Disaster Recovery Regions","<h1>Reserve Compute Capacity in Disaster Recovery Regions</h1>
<h2>Recommendation</h2>
<p>On-Demand Capacity Reservations ensure recovery of virtual machines in the event of a natural disaster by reserving compute capacity in advance within a specific region or zone. This guarantees that VMs have the necessary resources during disaster recovery failover events thus reducing downtime.</p>
<h2>Details</h2>
<ul>
<li><strong>Impact:</strong> Medium</li>
<li><strong>WAF Pillar:</strong> Reliability</li>
<li><strong>Control:</strong> Disaster Recovery</li>
<li><strong>Potential Benefit:</strong> Guaranteed capacity in disaster recovery regions</li>
<li><strong>Source:</strong> APRL</li>
<li><strong>APRL Guid:</strong> 587ca3e4-113b-4c4f-b4e0-92cd8d2065b6</li>
</ul>
<h2>Learn More</h2>
<p><a href=""https://aka.ms/on-demand-capacity-reservations-docs"">https://aka.ms/on-demand-capacity-reservations-docs</a></p>
<h2>Affected Resources (3)</h2>
<table>
<tr><th>#</th><th>Resource Name</th><th>Resource Group</th><th>Location</th><th>Subscription</th></tr>
<tr><td>1</td><td>vm-dev-btr-demo</td><td>rg-btr-demo</td><td>uksouth</td><td>a4aef89a-cd11-438f-b30a-58e84134ade1</td></tr>
<tr><td>2</td><td>server01</td><td>resiliancetestingworkload</td><td>uksouth</td><td>a4aef89a-cd11-438f-b30a-58e84134ade1</td></tr>
<tr><td>3</td><td>server02</td><td>resiliancetestingworkload</td><td>uksouth</td><td>a4aef89a-cd11-438f-b30a-58e84134ade1</td></tr>
</table>
","<ul>
<li>All 3 resource(s) have been remediated for recommendation <strong>Reserve Compute Capacity in Disaster Recovery Regions</strong></li>
<li>APRL check <code>587ca3e4-113b-4c4f-b4e0-92cd8d2065b6</code> passes for all resources</li>
</ul>
<p><strong>Per-resource verification:</strong></p>
<ul>
<li>Resource <strong>vm-dev-btr-demo</strong> in <code>rg-btr-demo</code> is compliant</li>
<li>Resource <strong>server01</strong> in <code>resiliancetestingworkload</code> is compliant</li>
<li>Resource <strong>server02</strong> in <code>resiliancetestingworkload</code> is compliant</li>
<li>Changes verified via <a href=""https://aka.ms/on-demand-capacity-reservations-docs"">https://aka.ms/on-demand-capacity-reservations-docs</a></li>
</ul>","Medium; Reliability; Source:APRL","2","N9GFN-Test-Project","N9GFN-Test-Project\Backlog3"
"Task","","","","Enable VM Insights","<h1>Enable VM Insights</h1>
<h2>Recommendation</h2>
<p>VM Insights monitors VM and scale set performance, health, running processes, and dependencies. It enhances the predictability of application performance and availability by pinpointing performance bottlenecks and network issues, and it clarifies if problems are related to other dependencies.</p>
<h2>Details</h2>
<ul>
<li><strong>Impact:</strong> Low</li>
<li><strong>WAF Pillar:</strong> Reliability</li>
<li><strong>Control:</strong> Monitoring And Alerting</li>
<li><strong>Potential Benefit:</strong> Improves VM performance and health</li>
<li><strong>Source:</strong> APRL</li>
<li><strong>APRL Guid:</strong> b72214bb-e879-5f4b-b9cd-642db84f36f4</li>
</ul>
<h2>Learn More</h2>
<p><a href=""https://learn.microsoft.com/azure/azure-monitor/vm/vminsights-overview"">https://learn.microsoft.com/azure/azure-monitor/vm/vminsights-overview</a></p>
<h2>Affected Resources (3)</h2>
<table>
<tr><th>#</th><th>Resource Name</th><th>Resource Group</th><th>Location</th><th>Subscription</th></tr>
<tr><td>1</td><td>server01</td><td>resiliancetestingworkload</td><td>uksouth</td><td>a4aef89a-cd11-438f-b30a-58e84134ade1</td></tr>
<tr><td>2</td><td>server02</td><td>resiliancetestingworkload</td><td>uksouth</td><td>a4aef89a-cd11-438f-b30a-58e84134ade1</td></tr>
<tr><td>3</td><td>vm-dev-btr-demo</td><td>rg-btr-demo</td><td>uksouth</td><td>a4aef89a-cd11-438f-b30a-58e84134ade1</td></tr>
</table>
","<ul>
<li>All 3 resource(s) have been remediated for recommendation <strong>Enable VM Insights</strong></li>
<li>APRL check <code>b72214bb-e879-5f4b-b9cd-642db84f36f4</code> passes for all resources</li>
</ul>
<p><strong>Per-resource verification:</strong></p>
<ul>
<li>Resource <strong>server01</strong> in <code>resiliancetestingworkload</code> is compliant</li>
<li>Resource <strong>server02</strong> in <code>resiliancetestingworkload</code> is compliant</li>
<li>Resource <strong>vm-dev-btr-demo</strong> in <code>rg-btr-demo</code> is compliant</li>
<li>Changes verified via <a href=""https://learn.microsoft.com/azure/azure-monitor/vm/vminsights-overview"">https://learn.microsoft.com/azure/azure-monitor/vm/vminsights-overview</a></li>
</ul>","Low; Reliability; Source:APRL","3","N9GFN-Test-Project","N9GFN-Test-Project\Backlog3"
"Feature","","Virtualmachines","","","<h1>Virtualmachines (microsoft.compute/virtualmachines)</h1>
<h2>Overview</h2>
<p>Recommendations for <strong>microsoft.compute/virtualmachines</strong> resources within the <strong>Compute</strong> domain.</p>
<h2>Scope</h2>
<ul>
<li><strong>Recommendations:</strong> 6</li>
<li><strong>Affected Resources:</strong> 3</li>
<li><strong>Resource Groups:</strong> resiliancetestingworkload, rg-btr-demo</li>
<li><strong>Subscriptions:</strong> a4aef89a-cd11-438f-b30a-58e84134ade1</li>
<li><strong>Regions:</strong> uksouth</li>
</ul>
<h2>Impact Breakdown</h2>
<ul>
<li><strong>High:</strong> 2</li>
<li><strong>Medium:</strong> 3</li>
<li><strong>Low:</strong> 1</li>
</ul>
<h2>Recommendations</h2>
<ol>
<li><strong>Migrate workload to D-series or better virtual machine</strong> [High]
<ul>
<li><strong>Control:</strong> High Availability</li>
<li><strong>Benefit:</strong> </li>
<li><strong>Affected Resources:</strong> 2</li>
</ul>
</li>
<li><strong>Review and migrate virtual machine workloads</strong> [High]
<ul>
<li><strong>Control:</strong> High Availability</li>
<li><strong>Benefit:</strong> </li>
<li><strong>Affected Resources:</strong> 2</li>
</ul>
</li>
<li><strong>Migrate workload to Virtual Machine Scale Sets Flex</strong> [Medium]
<ul>
<li><strong>Control:</strong> High Availability</li>
<li><strong>Benefit:</strong> </li>
<li><strong>Affected Resources:</strong> 2</li>
</ul>
</li>
<li><strong>Migrate to Virtual Machine Scale Sets Flex</strong> [Medium]
<ul>
<li><strong>Control:</strong> High Availability</li>
<li><strong>Benefit:</strong> </li>
<li><strong>Affected Resources:</strong> 1</li>
</ul>
</li>
<li><strong>Enable Backups on your Virtual Machines</strong> [Medium]
<ul>
<li><strong>Control:</strong> High Availability</li>
<li><strong>Benefit:</strong> </li>
<li><strong>Affected Resources:</strong> 1</li>
</ul>
</li>
<li><strong>Convert Standard to Premium disk for higher uptime</strong> [Low]
<ul>
<li><strong>Control:</strong> High Availability</li>
<li><strong>Benefit:</strong> </li>
<li><strong>Affected Resources:</strong> 2</li>
</ul>
</li>
</ol>
","<p>All recommendations for <strong>microsoft.compute/virtualmachines</strong> are completed. Resources validated against APRL checks.</p>
<p><strong>Recommendations to complete:</strong></p>
<ul>
<li>Migrate workload to D-series or better virtual machine [High] &mdash; 2 resource(s)</li>
<li>Review and migrate virtual machine workloads [High] &mdash; 2 resource(s)</li>
<li>Migrate workload to Virtual Machine Scale Sets Flex [Medium] &mdash; 2 resource(s)</li>
<li>Migrate to Virtual Machine Scale Sets Flex [Medium] &mdash; 1 resource(s)</li>
<li>Enable Backups on your Virtual Machines [Medium] &mdash; 1 resource(s)</li>
<li>Convert Standard to Premium disk for higher uptime [Low] &mdash; 2 resource(s)</li>
</ul>","microsoft.compute/virtualmachines; Compute","1","N9GFN-Test-Project","N9GFN-Test-Project\Backlog3"
"User Story","","","Virtualmachines - Recommendations","","<h1>Virtualmachines - Recommendations</h1>
<h2>Overview</h2>
<p>Consolidated APRL recommendations for <strong>microsoft.compute/virtualmachines</strong> resources.</p>
<ul>
<li><strong>Impact:</strong> High</li>
<li><strong>WAF Pillars:</strong> Reliability</li>
<li><strong>Recommendations:</strong> 6</li>
<li><strong>Affected Resources:</strong> 3</li>
<li><strong>Source:</strong> APRL & Advisor</li>
</ul>
<h2>Recommendations Summary</h2>
<table>
<tr><th>#</th><th>Recommendation</th><th>Impact</th><th>WAF Pillar</th><th>Affected Resources</th></tr>
<tr><td>1</td><td>Migrate workload to D-series or better virtual machine</td><td>High</td><td>Reliability</td><td>2</td></tr>
<tr><td>2</td><td>Review and migrate virtual machine workloads</td><td>High</td><td>Reliability</td><td>2</td></tr>
<tr><td>3</td><td>Migrate workload to Virtual Machine Scale Sets Flex</td><td>Medium</td><td>Reliability</td><td>2</td></tr>
<tr><td>4</td><td>Migrate to Virtual Machine Scale Sets Flex</td><td>Medium</td><td>Reliability</td><td>1</td></tr>
<tr><td>5</td><td>Enable Backups on your Virtual Machines</td><td>Medium</td><td>Reliability</td><td>1</td></tr>
<tr><td>6</td><td>Convert Standard to Premium disk for higher uptime</td><td>Low</td><td>Reliability</td><td>2</td></tr>
</table>
","<ul>
<li>All 6 recommendation(s) have been implemented</li>
<li>All 3 affected resource(s) pass APRL compliance checks</li>
</ul>
<p><strong>Per-recommendation verification:</strong></p>
<ul>
<li><strong>Migrate workload to D-series or better virtual machine</strong> [High] &mdash; 2 resource(s) remediated (GUID: <code>7f71b153-c0b7-4e99-a23e-db8179183ec9</code>)</li>
<li><strong>Review and migrate virtual machine workloads</strong> [High] &mdash; 2 resource(s) remediated (GUID: <code>13cea0f1-c3f7-4c66-8b3b-9928a0f07cea</code>)</li>
<li><strong>Migrate workload to Virtual Machine Scale Sets Flex</strong> [Medium] &mdash; 2 resource(s) remediated (GUID: <code>5f2613df-629f-4b07-9425-2a47ea0dfad3</code>)</li>
<li><strong>Migrate to Virtual Machine Scale Sets Flex</strong> [Medium] &mdash; 1 resource(s) remediated (GUID: <code>39fb2718-a2ae-4662-a8c9-cd8df23f01eb</code>)</li>
<li><strong>Enable Backups on your Virtual Machines</strong> [Medium] &mdash; 1 resource(s) remediated (GUID: <code>651c7925-17a3-42e5-85cd-73bd095cf27f</code>)</li>
<li><strong>Convert Standard to Premium disk for higher uptime</strong> [Low] &mdash; 2 resource(s) remediated (GUID: <code>2b5cf6e5-2792-49b2-9ec0-0e901be6488b</code>)</li>
</ul>","High; Reliability; Azure Service; Source:APRL & Advisor","1","N9GFN-Test-Project","N9GFN-Test-Project\Backlog3"
"Task","","","","Migrate workload to D-series or better virtual machine","<h1>Migrate workload to D-series or better virtual machine</h1>
<h2>Recommendation</h2>
<p>No detailed description available.</p>
<h2>Details</h2>
<ul>
<li><strong>Impact:</strong> High</li>
<li><strong>WAF Pillar:</strong> Reliability</li>
<li><strong>Control:</strong> High Availability</li>
<li><strong>Potential Benefit:</strong> N/A</li>
<li><strong>Source:</strong> ADVISOR</li>
<li><strong>APRL Guid:</strong> 7f71b153-c0b7-4e99-a23e-db8179183ec9</li>
</ul>
<h2>Affected Resources (2)</h2>
<table>
<tr><th>#</th><th>Resource Name</th><th>Resource Group</th><th>Location</th><th>Subscription</th></tr>
<tr><td>1</td><td>server02</td><td>resiliancetestingworkload</td><td>uksouth</td><td>a4aef89a-cd11-438f-b30a-58e84134ade1</td></tr>
<tr><td>2</td><td>server01</td><td>resiliancetestingworkload</td><td>uksouth</td><td>a4aef89a-cd11-438f-b30a-58e84134ade1</td></tr>
</table>
","<ul>
<li>All 2 resource(s) have been remediated for recommendation <strong>Migrate workload to D-series or better virtual machine</strong></li>
<li>APRL check <code>7f71b153-c0b7-4e99-a23e-db8179183ec9</code> passes for all resources</li>
</ul>
<p><strong>Per-resource verification:</strong></p>
<ul>
<li>Resource <strong>server02</strong> in <code>resiliancetestingworkload</code> is compliant</li>
<li>Resource <strong>server01</strong> in <code>resiliancetestingworkload</code> is compliant</li>
<li>Source: <strong>ADVISOR</strong></li>
</ul>","High; Reliability; Source:ADVISOR","1","N9GFN-Test-Project","N9GFN-Test-Project\Backlog3"
"Task","","","","Review and migrate virtual machine workloads","<h1>Review and migrate virtual machine workloads</h1>
<h2>Recommendation</h2>
<p>No detailed description available.</p>
<h2>Details</h2>
<ul>
<li><strong>Impact:</strong> High</li>
<li><strong>WAF Pillar:</strong> Reliability</li>
<li><strong>Control:</strong> High Availability</li>
<li><strong>Potential Benefit:</strong> N/A</li>
<li><strong>Source:</strong> ADVISOR</li>
<li><strong>APRL Guid:</strong> 13cea0f1-c3f7-4c66-8b3b-9928a0f07cea</li>
</ul>
<h2>Affected Resources (2)</h2>
<table>
<tr><th>#</th><th>Resource Name</th><th>Resource Group</th><th>Location</th><th>Subscription</th></tr>
<tr><td>1</td><td>server02</td><td>resiliancetestingworkload</td><td>uksouth</td><td>a4aef89a-cd11-438f-b30a-58e84134ade1</td></tr>
<tr><td>2</td><td>server01</td><td>resiliancetestingworkload</td><td>uksouth</td><td>a4aef89a-cd11-438f-b30a-58e84134ade1</td></tr>
</table>
","<ul>
<li>All 2 resource(s) have been remediated for recommendation <strong>Review and migrate virtual machine workloads</strong></li>
<li>APRL check <code>13cea0f1-c3f7-4c66-8b3b-9928a0f07cea</code> passes for all resources</li>
</ul>
<p><strong>Per-resource verification:</strong></p>
<ul>
<li>Resource <strong>server02</strong> in <code>resiliancetestingworkload</code> is compliant</li>
<li>Resource <strong>server01</strong> in <code>resiliancetestingworkload</code> is compliant</li>
<li>Source: <strong>ADVISOR</strong></li>
</ul>","High; Reliability; Source:ADVISOR","1","N9GFN-Test-Project","N9GFN-Test-Project\Backlog3"
"Task","","","","Migrate workload to Virtual Machine Scale Sets Flex","<h1>Migrate workload to Virtual Machine Scale Sets Flex</h1>
<h2>Recommendation</h2>
<p>No detailed description available.</p>
<h2>Details</h2>
<ul>
<li><strong>Impact:</strong> Medium</li>
<li><strong>WAF Pillar:</strong> Reliability</li>
<li><strong>Control:</strong> High Availability</li>
<li><strong>Potential Benefit:</strong> N/A</li>
<li><strong>Source:</strong> ADVISOR</li>
<li><strong>APRL Guid:</strong> 5f2613df-629f-4b07-9425-2a47ea0dfad3</li>
</ul>
<h2>Affected Resources (2)</h2>
<table>
<tr><th>#</th><th>Resource Name</th><th>Resource Group</th><th>Location</th><th>Subscription</th></tr>
<tr><td>1</td><td>vm-dev-btr-demo</td><td>rg-btr-demo</td><td>uksouth</td><td>a4aef89a-cd11-438f-b30a-58e84134ade1</td></tr>
<tr><td>2</td><td>server02</td><td>resiliancetestingworkload</td><td>uksouth</td><td>a4aef89a-cd11-438f-b30a-58e84134ade1</td></tr>
</table>
","<ul>
<li>All 2 resource(s) have been remediated for recommendation <strong>Migrate workload to Virtual Machine Scale Sets Flex</strong></li>
<li>APRL check <code>5f2613df-629f-4b07-9425-2a47ea0dfad3</code> passes for all resources</li>
</ul>
<p><strong>Per-resource verification:</strong></p>
<ul>
<li>Resource <strong>vm-dev-btr-demo</strong> in <code>rg-btr-demo</code> is compliant</li>
<li>Resource <strong>server02</strong> in <code>resiliancetestingworkload</code> is compliant</li>
<li>Source: <strong>ADVISOR</strong></li>
</ul>","Medium; Reliability; Source:ADVISOR","2","N9GFN-Test-Project","N9GFN-Test-Project\Backlog3"
"Task","","","","Migrate to Virtual Machine Scale Sets Flex","<h1>Migrate to Virtual Machine Scale Sets Flex</h1>
<h2>Recommendation</h2>
<p>No detailed description available.</p>
<h2>Details</h2>
<ul>
<li><strong>Impact:</strong> Medium</li>
<li><strong>WAF Pillar:</strong> Reliability</li>
<li><strong>Control:</strong> High Availability</li>
<li><strong>Potential Benefit:</strong> N/A</li>
<li><strong>Source:</strong> ADVISOR</li>
<li><strong>APRL Guid:</strong> 39fb2718-a2ae-4662-a8c9-cd8df23f01eb</li>
</ul>
<h2>Affected Resources (1)</h2>
<table>
<tr><th>#</th><th>Resource Name</th><th>Resource Group</th><th>Location</th><th>Subscription</th></tr>
<tr><td>1</td><td>server02</td><td>resiliancetestingworkload</td><td>uksouth</td><td>a4aef89a-cd11-438f-b30a-58e84134ade1</td></tr>
</table>
","<ul>
<li>All 1 resource(s) have been remediated for recommendation <strong>Migrate to Virtual Machine Scale Sets Flex</strong></li>
<li>APRL check <code>39fb2718-a2ae-4662-a8c9-cd8df23f01eb</code> passes for all resources</li>
</ul>
<p><strong>Per-resource verification:</strong></p>
<ul>
<li>Resource <strong>server02</strong> in <code>resiliancetestingworkload</code> is compliant</li>
<li>Source: <strong>ADVISOR</strong></li>
</ul>","Medium; Reliability; Source:ADVISOR","2","N9GFN-Test-Project","N9GFN-Test-Project\Backlog3"
"Task","","","","Enable Backups on your Virtual Machines","<h1>Enable Backups on your Virtual Machines</h1>
<h2>Recommendation</h2>
<p>No detailed description available.</p>
<h2>Details</h2>
<ul>
<li><strong>Impact:</strong> Medium</li>
<li><strong>WAF Pillar:</strong> Reliability</li>
<li><strong>Control:</strong> High Availability</li>
<li><strong>Potential Benefit:</strong> N/A</li>
<li><strong>Source:</strong> ADVISOR</li>
<li><strong>APRL Guid:</strong> 651c7925-17a3-42e5-85cd-73bd095cf27f</li>
</ul>
<h2>Affected Resources (1)</h2>
<table>
<tr><th>#</th><th>Resource Name</th><th>Resource Group</th><th>Location</th><th>Subscription</th></tr>
<tr><td>1</td><td>server01</td><td>resiliancetestingworkload</td><td>uksouth</td><td>a4aef89a-cd11-438f-b30a-58e84134ade1</td></tr>
</table>
","<ul>
<li>All 1 resource(s) have been remediated for recommendation <strong>Enable Backups on your Virtual Machines</strong></li>
<li>APRL check <code>651c7925-17a3-42e5-85cd-73bd095cf27f</code> passes for all resources</li>
</ul>
<p><strong>Per-resource verification:</strong></p>
<ul>
<li>Resource <strong>server01</strong> in <code>resiliancetestingworkload</code> is compliant</li>
<li>Source: <strong>ADVISOR</strong></li>
</ul>","Medium; Reliability; Source:ADVISOR","2","N9GFN-Test-Project","N9GFN-Test-Project\Backlog3"
"Task","","","","Convert Standard to Premium disk for higher uptime","<h1>Convert Standard to Premium disk for higher uptime</h1>
<h2>Recommendation</h2>
<p>No detailed description available.</p>
<h2>Details</h2>
<ul>
<li><strong>Impact:</strong> Low</li>
<li><strong>WAF Pillar:</strong> Reliability</li>
<li><strong>Control:</strong> High Availability</li>
<li><strong>Potential Benefit:</strong> N/A</li>
<li><strong>Source:</strong> ADVISOR</li>
<li><strong>APRL Guid:</strong> 2b5cf6e5-2792-49b2-9ec0-0e901be6488b</li>
</ul>
<h2>Affected Resources (2)</h2>
<table>
<tr><th>#</th><th>Resource Name</th><th>Resource Group</th><th>Location</th><th>Subscription</th></tr>
<tr><td>1</td><td>vm-dev-btr-demo</td><td>rg-btr-demo</td><td>uksouth</td><td>a4aef89a-cd11-438f-b30a-58e84134ade1</td></tr>
<tr><td>2</td><td>server01</td><td>resiliancetestingworkload</td><td>uksouth</td><td>a4aef89a-cd11-438f-b30a-58e84134ade1</td></tr>
</table>
","<ul>
<li>All 2 resource(s) have been remediated for recommendation <strong>Convert Standard to Premium disk for higher uptime</strong></li>
<li>APRL check <code>2b5cf6e5-2792-49b2-9ec0-0e901be6488b</code> passes for all resources</li>
</ul>
<p><strong>Per-resource verification:</strong></p>
<ul>
<li>Resource <strong>vm-dev-btr-demo</strong> in <code>rg-btr-demo</code> is compliant</li>
<li>Resource <strong>server01</strong> in <code>resiliancetestingworkload</code> is compliant</li>
<li>Source: <strong>ADVISOR</strong></li>
</ul>","Low; Reliability; Source:ADVISOR","3","N9GFN-Test-Project","N9GFN-Test-Project\Backlog3"
"Feature","","Disks","","","<h1>Disks (microsoft.compute/disks)</h1>
<h2>Overview</h2>
<p>Recommendations for <strong>microsoft.compute/disks</strong> resources within the <strong>Compute</strong> domain.</p>
<h2>Scope</h2>
<ul>
<li><strong>Recommendations:</strong> 2</li>
<li><strong>Affected Resources:</strong> 3</li>
<li><strong>Resource Groups:</strong> resiliancetestingworkload, rg-btr-demo</li>
<li><strong>Subscriptions:</strong> a4aef89a-cd11-438f-b30a-58e84134ade1</li>
<li><strong>Regions:</strong> global, uksouth</li>
</ul>
<h2>Impact Breakdown</h2>
<ul>
<li><strong>High:</strong> 1</li>
<li><strong>Medium:</strong> 1</li>
</ul>
<h2>Recommendations</h2>
<ol>
<li><strong>Ensure Azure Disks are in the same zone as your VM for higher resiliency and availability</strong> [High]
<ul>
<li><strong>Control:</strong> High Availability</li>
<li><strong>Benefit:</strong> </li>
<li><strong>Affected Resources:</strong> 3</li>
</ul>
</li>
<li><strong>Migrate Standard HDD OS Disks to SSD</strong> [Medium]
<ul>
<li><strong>Control:</strong> High Availability</li>
<li><strong>Benefit:</strong> </li>
<li><strong>Affected Resources:</strong> 3</li>
</ul>
</li>
</ol>
","<p>All recommendations for <strong>microsoft.compute/disks</strong> are completed. Resources validated against APRL checks.</p>
<p><strong>Recommendations to complete:</strong></p>
<ul>
<li>Ensure Azure Disks are in the same zone as your VM for higher resiliency and availability [High] &mdash; 3 resource(s)</li>
<li>Migrate Standard HDD OS Disks to SSD [Medium] &mdash; 3 resource(s)</li>
</ul>","microsoft.compute/disks; Compute","1","N9GFN-Test-Project","N9GFN-Test-Project\Backlog3"
"User Story","","","Disks - Recommendations","","<h1>Disks - Recommendations</h1>
<h2>Overview</h2>
<p>Consolidated APRL recommendations for <strong>microsoft.compute/disks</strong> resources.</p>
<ul>
<li><strong>Impact:</strong> High</li>
<li><strong>WAF Pillars:</strong> Reliability</li>
<li><strong>Recommendations:</strong> 2</li>
<li><strong>Affected Resources:</strong> 3</li>
<li><strong>Source:</strong> APRL & Advisor</li>
</ul>
<h2>Recommendations Summary</h2>
<table>
<tr><th>#</th><th>Recommendation</th><th>Impact</th><th>WAF Pillar</th><th>Affected Resources</th></tr>
<tr><td>1</td><td>Ensure Azure Disks are in the same zone as your VM for higher resiliency and availability</td><td>High</td><td>Reliability</td><td>3</td></tr>
<tr><td>2</td><td>Migrate Standard HDD OS Disks to SSD</td><td>Medium</td><td>Reliability</td><td>3</td></tr>
</table>
","<ul>
<li>All 2 recommendation(s) have been implemented</li>
<li>All 3 affected resource(s) pass APRL compliance checks</li>
</ul>
<p><strong>Per-recommendation verification:</strong></p>
<ul>
<li><strong>Ensure Azure Disks are in the same zone as your VM for higher resiliency and availability</strong> [High] &mdash; 3 resource(s) remediated (GUID: <code>d4102c0f-ebe3-4b22-8fe0-e488866a87af</code>)</li>
<li><strong>Migrate Standard HDD OS Disks to SSD</strong> [Medium] &mdash; 3 resource(s) remediated (GUID: <code>6885dc91-c4d1-4695-be6f-f64be575769f</code>)</li>
</ul>","High; Reliability; Azure Service; Source:APRL & Advisor","1","N9GFN-Test-Project","N9GFN-Test-Project\Backlog3"
"Task","","","","Ensure Azure Disks are in the same zone as your VM for higher resiliency and availability","<h1>Ensure Azure Disks are in the same zone as your VM for higher resiliency and availability</h1>
<h2>Recommendation</h2>
<p>No detailed description available.</p>
<h2>Details</h2>
<ul>
<li><strong>Impact:</strong> High</li>
<li><strong>WAF Pillar:</strong> Reliability</li>
<li><strong>Control:</strong> High Availability</li>
<li><strong>Potential Benefit:</strong> N/A</li>
<li><strong>Source:</strong> ADVISOR</li>
<li><strong>APRL Guid:</strong> d4102c0f-ebe3-4b22-8fe0-e488866a87af</li>
</ul>
<h2>Affected Resources (3)</h2>
<table>
<tr><th>#</th><th>Resource Name</th><th>Resource Group</th><th>Location</th><th>Subscription</th></tr>
<tr><td>1</td><td>osdisk-devvm-btr-demo</td><td>rg-btr-demo</td><td>global</td><td>a4aef89a-cd11-438f-b30a-58e84134ade1</td></tr>
<tr><td>2</td><td>server02_osdisk_1_2007d7e1fb74423991e364a21a14512b</td><td>resiliancetestingworkload</td><td>uksouth</td><td>a4aef89a-cd11-438f-b30a-58e84134ade1</td></tr>
<tr><td>3</td><td>server01_osdisk_1_44cd5ccc8fa44c15afcce9733b4ad87f</td><td>resiliancetestingworkload</td><td>uksouth</td><td>a4aef89a-cd11-438f-b30a-58e84134ade1</td></tr>
</table>
","<ul>
<li>All 3 resource(s) have been remediated for recommendation <strong>Ensure Azure Disks are in the same zone as your VM for higher resiliency and availability</strong></li>
<li>APRL check <code>d4102c0f-ebe3-4b22-8fe0-e488866a87af</code> passes for all resources</li>
</ul>
<p><strong>Per-resource verification:</strong></p>
<ul>
<li>Resource <strong>osdisk-devvm-btr-demo</strong> in <code>rg-btr-demo</code> is compliant</li>
<li>Resource <strong>server02_osdisk_1_2007d7e1fb74423991e364a21a14512b</strong> in <code>resiliancetestingworkload</code> is compliant</li>
<li>Resource <strong>server01_osdisk_1_44cd5ccc8fa44c15afcce9733b4ad87f</strong> in <code>resiliancetestingworkload</code> is compliant</li>
<li>Source: <strong>ADVISOR</strong></li>
</ul>","High; Reliability; Source:ADVISOR","1","N9GFN-Test-Project","N9GFN-Test-Project\Backlog3"
"Task","","","","Migrate Standard HDD OS Disks to SSD","<h1>Migrate Standard HDD OS Disks to SSD</h1>
<h2>Recommendation</h2>
<p>No detailed description available.</p>
<h2>Details</h2>
<ul>
<li><strong>Impact:</strong> Medium</li>
<li><strong>WAF Pillar:</strong> Reliability</li>
<li><strong>Control:</strong> High Availability</li>
<li><strong>Potential Benefit:</strong> N/A</li>
<li><strong>Source:</strong> ADVISOR</li>
<li><strong>APRL Guid:</strong> 6885dc91-c4d1-4695-be6f-f64be575769f</li>
</ul>
<h2>Affected Resources (3)</h2>
<table>
<tr><th>#</th><th>Resource Name</th><th>Resource Group</th><th>Location</th><th>Subscription</th></tr>
<tr><td>1</td><td>osdisk-devvm-btr-demo</td><td>rg-btr-demo</td><td>uksouth</td><td>a4aef89a-cd11-438f-b30a-58e84134ade1</td></tr>
<tr><td>2</td><td>server02_osdisk_1_2007d7e1fb74423991e364a21a14512b</td><td>resiliancetestingworkload</td><td>uksouth</td><td>a4aef89a-cd11-438f-b30a-58e84134ade1</td></tr>
<tr><td>3</td><td>server01_osdisk_1_44cd5ccc8fa44c15afcce9733b4ad87f</td><td>resiliancetestingworkload</td><td>global</td><td>a4aef89a-cd11-438f-b30a-58e84134ade1</td></tr>
</table>
","<ul>
<li>All 3 resource(s) have been remediated for recommendation <strong>Migrate Standard HDD OS Disks to SSD</strong></li>
<li>APRL check <code>6885dc91-c4d1-4695-be6f-f64be575769f</code> passes for all resources</li>
</ul>
<p><strong>Per-resource verification:</strong></p>
<ul>
<li>Resource <strong>osdisk-devvm-btr-demo</strong> in <code>rg-btr-demo</code> is compliant</li>
<li>Resource <strong>server02_osdisk_1_2007d7e1fb74423991e364a21a14512b</strong> in <code>resiliancetestingworkload</code> is compliant</li>
<li>Resource <strong>server01_osdisk_1_44cd5ccc8fa44c15afcce9733b4ad87f</strong> in <code>resiliancetestingworkload</code> is compliant</li>
<li>Source: <strong>ADVISOR</strong></li>
</ul>","Medium; Reliability; Source:ADVISOR","2","N9GFN-Test-Project","N9GFN-Test-Project\Backlog3"
"Epic","Data","","","","<h1>Data</h1>
<h2>Overview</h2>
<p>Databases, storage, and data services</p>
<p><strong>WAF Pillars:</strong> Reliability</p>
<h2>Scope</h2>
<ul>
<li><strong>Total Features:</strong> 5</li>
<li><strong>Total Recommendations:</strong> 5</li>
<li><strong>Total Affected Resources:</strong> 10</li>
<li><strong>Subscriptions:</strong> a4aef89a-cd11-438f-b30a-58e84134ade1</li>
</ul>
<h2>Impact Summary</h2>
<ul>
<li><strong>High:</strong> 7 recommendation(s)</li>
<li><strong>Low:</strong> 3 recommendation(s)</li>
<li><strong>Medium:</strong> 3 recommendation(s)</li>
</ul>
<h2>Features</h2>
<ul>
<li><strong>Storage Accounts</strong> (Microsoft.Storage/storageAccounts) &mdash; 3 resource(s), 1 recommendation(s)</li>
<li><strong>Storageaccounts</strong> (microsoft.storage/storageaccounts) &mdash; 3 resource(s), 1 recommendation(s)</li>
<li><strong>Database Accounts</strong> (Microsoft.DocumentDB/databaseAccounts) &mdash; 2 resource(s), 1 recommendation(s)</li>
<li><strong>Servers</strong> (microsoft.sql/servers) &mdash; 1 resource(s), 1 recommendation(s)</li>
<li><strong>Databaseaccounts</strong> (microsoft.documentdb/databaseaccounts) &mdash; 1 resource(s), 1 recommendation(s)</li>
</ul>
","<p>All Features within this Epic are completed and verified.</p>
<p><strong>Features to complete:</strong></p>
<ul>
<li>Storage Accounts (Microsoft.Storage/storageAccounts) &mdash; 1 recommendation(s), 4 resource(s)</li>
<li>Storageaccounts (microsoft.storage/storageaccounts) &mdash; 1 recommendation(s), 1 resource(s)</li>
<li>Database Accounts (Microsoft.DocumentDB/databaseAccounts) &mdash; 1 recommendation(s), 3 resource(s)</li>
<li>Servers (microsoft.sql/servers) &mdash; 1 recommendation(s), 3 resource(s)</li>
<li>Databaseaccounts (microsoft.documentdb/databaseaccounts) &mdash; 1 recommendation(s), 2 resource(s)</li>
</ul>","Reliability; Data","2","N9GFN-Test-Project","N9GFN-Test-Project\Backlog3"
"Feature","","Storage Accounts","","","<h1>Storage Accounts (Microsoft.Storage/storageAccounts)</h1>
<h2>Overview</h2>
<p>Recommendations for <strong>Microsoft.Storage/storageAccounts</strong> resources within the <strong>Data</strong> domain.</p>
<h2>Scope</h2>
<ul>
<li><strong>Recommendations:</strong> 4</li>
<li><strong>Affected Resources:</strong> 3</li>
<li><strong>Resource Groups:</strong> mcapsgovernance, rg-btr-demo, rg-btr-tfstate</li>
<li><strong>Subscriptions:</strong> a4aef89a-cd11-438f-b30a-58e84134ade1</li>
<li><strong>Regions:</strong> uksouth, westus2</li>
</ul>
<h2>Impact Breakdown</h2>
<ul>
<li><strong>High:</strong> 1</li>
<li><strong>Low:</strong> 3</li>
</ul>
<h2>Recommendations</h2>
<ol>
<li><strong>Ensure that storage accounts are zone or region redundant</strong> [High]
<ul>
<li><strong>Control:</strong> High Availability</li>
<li><strong>Benefit:</strong> High availability and durability for storage</li>
<li><strong>Affected Resources:</strong> 3</li>
</ul>
</li>
<li><strong>Enable versioning for accidental modification and keep the number of versions below 1000</strong> [Low]
<ul>
<li><strong>Control:</strong> Disaster Recovery</li>
<li><strong>Benefit:</strong> Recover data, manage latency</li>
<li><strong>Affected Resources:</strong> 3</li>
</ul>
</li>
<li><strong>Enable point-in-time restore for GPv2 accounts to safeguard against data loss</strong> [Low]
<ul>
<li><strong>Control:</strong> Disaster Recovery</li>
<li><strong>Benefit:</strong> Protects data from loss/corruption</li>
<li><strong>Affected Resources:</strong> 3</li>
</ul>
</li>
<li><strong>Monitor all blob storage accounts</strong> [Low]
<ul>
<li><strong>Control:</strong> Monitoring And Alerting</li>
<li><strong>Benefit:</strong> Enhanced alerting and log analysis</li>
<li><strong>Affected Resources:</strong> 3</li>
</ul>
</li>
</ol>
","<p>All recommendations for <strong>Microsoft.Storage/storageAccounts</strong> are completed. Resources validated against APRL checks.</p>
<p><strong>Recommendations to complete:</strong></p>
<ul>
<li>Ensure that storage accounts are zone or region redundant [High] &mdash; 3 resource(s)</li>
<li>Enable versioning for accidental modification and keep the number of versions below 1000 [Low] &mdash; 3 resource(s)</li>
<li>Enable point-in-time restore for GPv2 accounts to safeguard against data loss [Low] &mdash; 3 resource(s)</li>
<li>Monitor all blob storage accounts [Low] &mdash; 3 resource(s)</li>
</ul>","Microsoft.Storage/storageAccounts; Data","1","N9GFN-Test-Project","N9GFN-Test-Project\Backlog3"
"User Story","","","Storage Accounts - Recommendations","","<h1>Storage Accounts - Recommendations</h1>
<h2>Overview</h2>
<p>Consolidated APRL recommendations for <strong>Microsoft.Storage/storageAccounts</strong> resources.</p>
<ul>
<li><strong>Impact:</strong> High</li>
<li><strong>WAF Pillars:</strong> Reliability</li>
<li><strong>Recommendations:</strong> 4</li>
<li><strong>Affected Resources:</strong> 3</li>
<li><strong>Source:</strong> APRL</li>
</ul>
<h2>Recommendations Summary</h2>
<table>
<tr><th>#</th><th>Recommendation</th><th>Impact</th><th>WAF Pillar</th><th>Affected Resources</th></tr>
<tr><td>1</td><td>Ensure that storage accounts are zone or region redundant</td><td>High</td><td>Reliability</td><td>3</td></tr>
<tr><td>2</td><td>Enable versioning for accidental modification and keep the number of versions below 1000</td><td>Low</td><td>Reliability</td><td>3</td></tr>
<tr><td>3</td><td>Enable point-in-time restore for GPv2 accounts to safeguard against data loss</td><td>Low</td><td>Reliability</td><td>3</td></tr>
<tr><td>4</td><td>Monitor all blob storage accounts</td><td>Low</td><td>Reliability</td><td>3</td></tr>
</table>
","<ul>
<li>All 4 recommendation(s) have been implemented</li>
<li>All 3 affected resource(s) pass APRL compliance checks</li>
</ul>
<p><strong>Per-recommendation verification:</strong></p>
<ul>
<li><strong>Ensure that storage accounts are zone or region redundant</strong> [High] &mdash; 3 resource(s) remediated (GUID: <code>e6c7e1cc-2f47-264d-aa50-1da421314472</code>)</li>
<li><strong>Enable versioning for accidental modification and keep the number of versions below 1000</strong> [Low] &mdash; 3 resource(s) remediated (GUID: <code>8ebda7c0-e0e1-ed45-af59-2d7ea9a1c05d</code>)</li>
<li><strong>Enable point-in-time restore for GPv2 accounts to safeguard against data loss</strong> [Low] &mdash; 3 resource(s) remediated (GUID: <code>1b965cb9-7629-214e-b682-6bf6e450a100</code>)</li>
<li><strong>Monitor all blob storage accounts</strong> [Low] &mdash; 3 resource(s) remediated (GUID: <code>96cb8331-6b06-8242-8ce8-4e2f665dc679</code>)</li>
</ul>","High; Reliability; Azure Service; Source:APRL","1","N9GFN-Test-Project","N9GFN-Test-Project\Backlog3"
"Task","","","","Ensure that storage accounts are zone or region redundant","<h1>Ensure that storage accounts are zone or region redundant</h1>
<h2>Recommendation</h2>
<p>Redundancy ensures storage accounts meet availability and durability targets amidst failures, weighing lower costs against higher availability. Locally redundant storage offers the least durability at the lowest cost.</p>
<h2>Details</h2>
<ul>
<li><strong>Impact:</strong> High</li>
<li><strong>WAF Pillar:</strong> Reliability</li>
<li><strong>Control:</strong> High Availability</li>
<li><strong>Potential Benefit:</strong> High availability and durability for storage</li>
<li><strong>Source:</strong> APRL</li>
<li><strong>APRL Guid:</strong> e6c7e1cc-2f47-264d-aa50-1da421314472</li>
</ul>
<h2>Learn More</h2>
<p><a href=""https://learn.microsoft.com/azure/storage/common/storage-redundancy"">https://learn.microsoft.com/azure/storage/common/storage-redundancy</a></p>
<h2>Affected Resources (3)</h2>
<table>
<tr><th>#</th><th>Resource Name</th><th>Resource Group</th><th>Location</th><th>Subscription</th></tr>
<tr><td>1</td><td>mcapsb30a58e84134ade1</td><td>mcapsgovernance</td><td>westus2</td><td>a4aef89a-cd11-438f-b30a-58e84134ade1</td></tr>
<tr><td>2</td><td>stbtrdemojfh3g0</td><td>rg-btr-demo</td><td>uksouth</td><td>a4aef89a-cd11-438f-b30a-58e84134ade1</td></tr>
<tr><td>3</td><td>sabtrtfstate01</td><td>rg-btr-tfstate</td><td>uksouth</td><td>a4aef89a-cd11-438f-b30a-58e84134ade1</td></tr>
</table>
","<ul>
<li>All 3 resource(s) have been remediated for recommendation <strong>Ensure that storage accounts are zone or region redundant</strong></li>
<li>APRL check <code>e6c7e1cc-2f47-264d-aa50-1da421314472</code> passes for all resources</li>
</ul>
<p><strong>Per-resource verification:</strong></p>
<ul>
<li>Resource <strong>mcapsb30a58e84134ade1</strong> in <code>mcapsgovernance</code> is compliant</li>
<li>Resource <strong>stbtrdemojfh3g0</strong> in <code>rg-btr-demo</code> is compliant</li>
<li>Resource <strong>sabtrtfstate01</strong> in <code>rg-btr-tfstate</code> is compliant</li>
<li>Changes verified via <a href=""https://learn.microsoft.com/azure/storage/common/storage-redundancy"">https://learn.microsoft.com/azure/storage/common/storage-redundancy</a></li>
</ul>","High; Reliability; Source:APRL","1","N9GFN-Test-Project","N9GFN-Test-Project\Backlog3"
"Task","","","","Enable versioning for accidental modification and keep the number of versions below 1000","<h1>Enable versioning for accidental modification and keep the number of versions below 1000</h1>
<h2>Recommendation</h2>
<p>Consider enabling versioning for Azure Storage Accounts to recover from accidental modifications or deletions and manage blob operation latency. Microsoft advises maintaining fewer than 1000 versions per blob to optimize performance. Lifecycle management can help delete old versions automatically.</p>
<h2>Details</h2>
<ul>
<li><strong>Impact:</strong> Low</li>
<li><strong>WAF Pillar:</strong> Reliability</li>
<li><strong>Control:</strong> Disaster Recovery</li>
<li><strong>Potential Benefit:</strong> Recover data, manage latency</li>
<li><strong>Source:</strong> APRL</li>
<li><strong>APRL Guid:</strong> 8ebda7c0-e0e1-ed45-af59-2d7ea9a1c05d</li>
</ul>
<h2>Learn More</h2>
<p><a href=""https://learn.microsoft.com/azure/storage/blobs/versioning-overview"">https://learn.microsoft.com/azure/storage/blobs/versioning-overview</a></p>
<h2>Affected Resources (3)</h2>
<table>
<tr><th>#</th><th>Resource Name</th><th>Resource Group</th><th>Location</th><th>Subscription</th></tr>
<tr><td>1</td><td>mcapsb30a58e84134ade1</td><td>mcapsgovernance</td><td>westus2</td><td>a4aef89a-cd11-438f-b30a-58e84134ade1</td></tr>
<tr><td>2</td><td>stbtrdemojfh3g0</td><td>rg-btr-demo</td><td>uksouth</td><td>a4aef89a-cd11-438f-b30a-58e84134ade1</td></tr>
<tr><td>3</td><td>sabtrtfstate01</td><td>rg-btr-tfstate</td><td>uksouth</td><td>a4aef89a-cd11-438f-b30a-58e84134ade1</td></tr>
</table>
","<ul>
<li>All 3 resource(s) have been remediated for recommendation <strong>Enable versioning for accidental modification and keep the number of versions below 1000</strong></li>
<li>APRL check <code>8ebda7c0-e0e1-ed45-af59-2d7ea9a1c05d</code> passes for all resources</li>
</ul>
<p><strong>Per-resource verification:</strong></p>
<ul>
<li>Resource <strong>mcapsb30a58e84134ade1</strong> in <code>mcapsgovernance</code> is compliant</li>
<li>Resource <strong>stbtrdemojfh3g0</strong> in <code>rg-btr-demo</code> is compliant</li>
<li>Resource <strong>sabtrtfstate01</strong> in <code>rg-btr-tfstate</code> is compliant</li>
<li>Changes verified via <a href=""https://learn.microsoft.com/azure/storage/blobs/versioning-overview"">https://learn.microsoft.com/azure/storage/blobs/versioning-overview</a></li>
</ul>","Low; Reliability; Source:APRL","3","N9GFN-Test-Project","N9GFN-Test-Project\Backlog3"
"Task","","","","Enable point-in-time restore for GPv2 accounts to safeguard against data loss","<h1>Enable point-in-time restore for GPv2 accounts to safeguard against data loss</h1>
<h2>Recommendation</h2>
<p>Consider enabling point-in-time restore for standard general purpose v2 accounts with flat namespace to protect against accidental deletion or corruption by restoring block blob data to an earlier state.</p>
<h2>Details</h2>
<ul>
<li><strong>Impact:</strong> Low</li>
<li><strong>WAF Pillar:</strong> Reliability</li>
<li><strong>Control:</strong> Disaster Recovery</li>
<li><strong>Potential Benefit:</strong> Protects data from loss/corruption</li>
<li><strong>Source:</strong> APRL</li>
<li><strong>APRL Guid:</strong> 1b965cb9-7629-214e-b682-6bf6e450a100</li>
</ul>
<h2>Learn More</h2>
<p><a href=""https://learn.microsoft.com/azure/storage/blobs/point-in-time-restore-overview"">https://learn.microsoft.com/azure/storage/blobs/point-in-time-restore-overview</a></p>
<h2>Affected Resources (3)</h2>
<table>
<tr><th>#</th><th>Resource Name</th><th>Resource Group</th><th>Location</th><th>Subscription</th></tr>
<tr><td>1</td><td>mcapsb30a58e84134ade1</td><td>mcapsgovernance</td><td>westus2</td><td>a4aef89a-cd11-438f-b30a-58e84134ade1</td></tr>
<tr><td>2</td><td>stbtrdemojfh3g0</td><td>rg-btr-demo</td><td>uksouth</td><td>a4aef89a-cd11-438f-b30a-58e84134ade1</td></tr>
<tr><td>3</td><td>sabtrtfstate01</td><td>rg-btr-tfstate</td><td>uksouth</td><td>a4aef89a-cd11-438f-b30a-58e84134ade1</td></tr>
</table>
","<ul>
<li>All 3 resource(s) have been remediated for recommendation <strong>Enable point-in-time restore for GPv2 accounts to safeguard against data loss</strong></li>
<li>APRL check <code>1b965cb9-7629-214e-b682-6bf6e450a100</code> passes for all resources</li>
</ul>
<p><strong>Per-resource verification:</strong></p>
<ul>
<li>Resource <strong>mcapsb30a58e84134ade1</strong> in <code>mcapsgovernance</code> is compliant</li>
<li>Resource <strong>stbtrdemojfh3g0</strong> in <code>rg-btr-demo</code> is compliant</li>
<li>Resource <strong>sabtrtfstate01</strong> in <code>rg-btr-tfstate</code> is compliant</li>
<li>Changes verified via <a href=""https://learn.microsoft.com/azure/storage/blobs/point-in-time-restore-overview"">https://learn.microsoft.com/azure/storage/blobs/point-in-time-restore-overview</a></li>
</ul>","Low; Reliability; Source:APRL","3","N9GFN-Test-Project","N9GFN-Test-Project\Backlog3"
"Task","","","","Monitor all blob storage accounts","<h1>Monitor all blob storage accounts</h1>
<h2>Recommendation</h2>
<p>For critical applications and business processes relying on Azure, monitoring and alerts are crucial. Resource logs are only stored after creating a diagnostic setting to route logs to specified locations, requiring selection of log categories to collect.</p>
<h2>Details</h2>
<ul>
<li><strong>Impact:</strong> Low</li>
<li><strong>WAF Pillar:</strong> Reliability</li>
<li><strong>Control:</strong> Monitoring And Alerting</li>
<li><strong>Potential Benefit:</strong> Enhanced alerting and log analysis</li>
<li><strong>Source:</strong> APRL</li>
<li><strong>APRL Guid:</strong> 96cb8331-6b06-8242-8ce8-4e2f665dc679</li>
</ul>
<h2>Learn More</h2>
<p><a href=""https://learn.microsoft.com/azure/storage/blobs/monitor-blob-storage"">https://learn.microsoft.com/azure/storage/blobs/monitor-blob-storage</a></p>
<h2>Affected Resources (3)</h2>
<table>
<tr><th>#</th><th>Resource Name</th><th>Resource Group</th><th>Location</th><th>Subscription</th></tr>
<tr><td>1</td><td>mcapsb30a58e84134ade1</td><td>mcapsgovernance</td><td>westus2</td><td>a4aef89a-cd11-438f-b30a-58e84134ade1</td></tr>
<tr><td>2</td><td>stbtrdemojfh3g0</td><td>rg-btr-demo</td><td>uksouth</td><td>a4aef89a-cd11-438f-b30a-58e84134ade1</td></tr>
<tr><td>3</td><td>sabtrtfstate01</td><td>rg-btr-tfstate</td><td>uksouth</td><td>a4aef89a-cd11-438f-b30a-58e84134ade1</td></tr>
</table>
","<ul>
<li>All 3 resource(s) have been remediated for recommendation <strong>Monitor all blob storage accounts</strong></li>
<li>APRL check <code>96cb8331-6b06-8242-8ce8-4e2f665dc679</code> passes for all resources</li>
</ul>
<p><strong>Per-resource verification:</strong></p>
<ul>
<li>Resource <strong>mcapsb30a58e84134ade1</strong> in <code>mcapsgovernance</code> is compliant</li>
<li>Resource <strong>stbtrdemojfh3g0</strong> in <code>rg-btr-demo</code> is compliant</li>
<li>Resource <strong>sabtrtfstate01</strong> in <code>rg-btr-tfstate</code> is compliant</li>
<li>Changes verified via <a href=""https://learn.microsoft.com/azure/storage/blobs/monitor-blob-storage"">https://learn.microsoft.com/azure/storage/blobs/monitor-blob-storage</a></li>
</ul>","Low; Reliability; Source:APRL","3","N9GFN-Test-Project","N9GFN-Test-Project\Backlog3"
"Feature","","Storageaccounts","","","<h1>Storageaccounts (microsoft.storage/storageaccounts)</h1>
<h2>Overview</h2>
<p>Recommendations for <strong>microsoft.storage/storageaccounts</strong> resources within the <strong>Data</strong> domain.</p>
<h2>Scope</h2>
<ul>
<li><strong>Recommendations:</strong> 1</li>
<li><strong>Affected Resources:</strong> 3</li>
<li><strong>Resource Groups:</strong> mcapsgovernance, rg-btr-demo, rg-btr-tfstate</li>
<li><strong>Subscriptions:</strong> a4aef89a-cd11-438f-b30a-58e84134ade1</li>
<li><strong>Regions:</strong> global</li>
</ul>
<h2>Impact Breakdown</h2>
<ul>
<li><strong>High:</strong> 1</li>
</ul>
<h2>Recommendations</h2>
<ol>
<li><strong>Enable zone redundancy for storage accounts to improve high availability and resiliency</strong> [High]
<ul>
<li><strong>Control:</strong> High Availability</li>
<li><strong>Benefit:</strong> </li>
<li><strong>Affected Resources:</strong> 3</li>
</ul>
</li>
</ol>
","<p>All recommendations for <strong>microsoft.storage/storageaccounts</strong> are completed. Resources validated against APRL checks.</p>
<p><strong>Recommendations to complete:</strong></p>
<ul>
<li>Enable zone redundancy for storage accounts to improve high availability and resiliency [High] &mdash; 3 resource(s)</li>
</ul>","microsoft.storage/storageaccounts; Data","1","N9GFN-Test-Project","N9GFN-Test-Project\Backlog3"
"User Story","","","Storageaccounts - Recommendations","","<h1>Storageaccounts - Recommendations</h1>
<h2>Overview</h2>
<p>Consolidated APRL recommendations for <strong>microsoft.storage/storageaccounts</strong> resources.</p>
<ul>
<li><strong>Impact:</strong> High</li>
<li><strong>WAF Pillars:</strong> Reliability</li>
<li><strong>Recommendations:</strong> 1</li>
<li><strong>Affected Resources:</strong> 3</li>
<li><strong>Source:</strong> APRL & Advisor</li>
</ul>
<h2>Recommendations Summary</h2>
<table>
<tr><th>#</th><th>Recommendation</th><th>Impact</th><th>WAF Pillar</th><th>Affected Resources</th></tr>
<tr><td>1</td><td>Enable zone redundancy for storage accounts to improve high availability and resiliency</td><td>High</td><td>Reliability</td><td>3</td></tr>
</table>
","<ul>
<li>All 1 recommendation(s) have been implemented</li>
<li>All 3 affected resource(s) pass APRL compliance checks</li>
</ul>
<p><strong>Per-recommendation verification:</strong></p>
<ul>
<li><strong>Enable zone redundancy for storage accounts to improve high availability and resiliency</strong> [High] &mdash; 3 resource(s) remediated (GUID: <code>4c10f447-fc3d-48b5-931d-23cea8486023</code>)</li>
</ul>","High; Reliability; Azure Service; Source:APRL & Advisor","1","N9GFN-Test-Project","N9GFN-Test-Project\Backlog3"
"Task","","","","Enable zone redundancy for storage accounts to improve high availability and resiliency","<h1>Enable zone redundancy for storage accounts to improve high availability and resiliency</h1>
<h2>Recommendation</h2>
<p>No detailed description available.</p>
<h2>Details</h2>
<ul>
<li><strong>Impact:</strong> High</li>
<li><strong>WAF Pillar:</strong> Reliability</li>
<li><strong>Control:</strong> High Availability</li>
<li><strong>Potential Benefit:</strong> N/A</li>
<li><strong>Source:</strong> ADVISOR</li>
<li><strong>APRL Guid:</strong> 4c10f447-fc3d-48b5-931d-23cea8486023</li>
</ul>
<h2>Affected Resources (3)</h2>
<table>
<tr><th>#</th><th>Resource Name</th><th>Resource Group</th><th>Location</th><th>Subscription</th></tr>
<tr><td>1</td><td>sabtrtfstate01</td><td>rg-btr-tfstate</td><td>global</td><td>a4aef89a-cd11-438f-b30a-58e84134ade1</td></tr>
<tr><td>2</td><td>stbtrdemojfh3g0</td><td>rg-btr-demo</td><td>global</td><td>a4aef89a-cd11-438f-b30a-58e84134ade1</td></tr>
<tr><td>3</td><td>mcapsb30a58e84134ade1</td><td>mcapsgovernance</td><td>global</td><td>a4aef89a-cd11-438f-b30a-58e84134ade1</td></tr>
</table>
","<ul>
<li>All 3 resource(s) have been remediated for recommendation <strong>Enable zone redundancy for storage accounts to improve high availability and resiliency</strong></li>
<li>APRL check <code>4c10f447-fc3d-48b5-931d-23cea8486023</code> passes for all resources</li>
</ul>
<p><strong>Per-resource verification:</strong></p>
<ul>
<li>Resource <strong>sabtrtfstate01</strong> in <code>rg-btr-tfstate</code> is compliant</li>
<li>Resource <strong>stbtrdemojfh3g0</strong> in <code>rg-btr-demo</code> is compliant</li>
<li>Resource <strong>mcapsb30a58e84134ade1</strong> in <code>mcapsgovernance</code> is compliant</li>
<li>Source: <strong>ADVISOR</strong></li>
</ul>","High; Reliability; Source:ADVISOR","1","N9GFN-Test-Project","N9GFN-Test-Project\Backlog3"
"Feature","","Database Accounts","","","<h1>Database Accounts (Microsoft.DocumentDB/databaseAccounts)</h1>
<h2>Overview</h2>
<p>Recommendations for <strong>Microsoft.DocumentDB/databaseAccounts</strong> resources within the <strong>Data</strong> domain.</p>
<h2>Scope</h2>
<ul>
<li><strong>Recommendations:</strong> 3</li>
<li><strong>Affected Resources:</strong> 2</li>
<li><strong>Resource Groups:</strong> defaultresourcegroup-suk, rg-btr-demo</li>
<li><strong>Subscriptions:</strong> a4aef89a-cd11-438f-b30a-58e84134ade1</li>
<li><strong>Regions:</strong> uksouth, westus2</li>
</ul>
<h2>Impact Breakdown</h2>
<ul>
<li><strong>High:</strong> 2</li>
<li><strong>Medium:</strong> 1</li>
</ul>
<h2>Recommendations</h2>
<ol>
<li><strong>Enable availability zones</strong> [High]
<ul>
<li><strong>Control:</strong> High Availability</li>
<li><strong>Benefit:</strong> Enhances high availability</li>
<li><strong>Affected Resources:</strong> 1</li>
</ul>
</li>
<li><strong>Configure continuous backup mode</strong> [High]
<ul>
<li><strong>Control:</strong> Disaster Recovery</li>
<li><strong>Benefit:</strong> Faster self-serve data restore</li>
<li><strong>Affected Resources:</strong> 2</li>
</ul>
</li>
<li><strong>Monitor Cosmos DB health and set up alerts</strong> [Medium]
<ul>
<li><strong>Control:</strong> Monitoring And Alerting</li>
<li><strong>Benefit:</strong> Proactive issue management</li>
<li><strong>Affected Resources:</strong> 2</li>
</ul>
</li>
</ol>
","<p>All recommendations for <strong>Microsoft.DocumentDB/databaseAccounts</strong> are completed. Resources validated against APRL checks.</p>
<p><strong>Recommendations to complete:</strong></p>
<ul>
<li>Enable availability zones [High] &mdash; 1 resource(s)</li>
<li>Configure continuous backup mode [High] &mdash; 2 resource(s)</li>
<li>Monitor Cosmos DB health and set up alerts [Medium] &mdash; 2 resource(s)</li>
</ul>","Microsoft.DocumentDB/databaseAccounts; Data","1","N9GFN-Test-Project","N9GFN-Test-Project\Backlog3"
"User Story","","","Database Accounts - Recommendations","","<h1>Database Accounts - Recommendations</h1>
<h2>Overview</h2>
<p>Consolidated APRL recommendations for <strong>Microsoft.DocumentDB/databaseAccounts</strong> resources.</p>
<ul>
<li><strong>Impact:</strong> High</li>
<li><strong>WAF Pillars:</strong> Reliability</li>
<li><strong>Recommendations:</strong> 3</li>
<li><strong>Affected Resources:</strong> 2</li>
<li><strong>Source:</strong> APRL</li>
</ul>
<h2>Recommendations Summary</h2>
<table>
<tr><th>#</th><th>Recommendation</th><th>Impact</th><th>WAF Pillar</th><th>Affected Resources</th></tr>
<tr><td>1</td><td>Enable availability zones</td><td>High</td><td>Reliability</td><td>1</td></tr>
<tr><td>2</td><td>Configure continuous backup mode</td><td>High</td><td>Reliability</td><td>2</td></tr>
<tr><td>3</td><td>Monitor Cosmos DB health and set up alerts</td><td>Medium</td><td>Reliability</td><td>2</td></tr>
</table>
","<ul>
<li>All 3 recommendation(s) have been implemented</li>
<li>All 2 affected resource(s) pass APRL compliance checks</li>
</ul>
<p><strong>Per-recommendation verification:</strong></p>
<ul>
<li><strong>Enable availability zones</strong> [High] &mdash; 1 resource(s) remediated (GUID: <code>921631f6-ed59-49a5-94c1-f0f3ececa580</code>)</li>
<li><strong>Configure continuous backup mode</strong> [High] &mdash; 2 resource(s) remediated (GUID: <code>e544520b-8505-7841-9e77-1f1974ee86ec</code>)</li>
<li><strong>Monitor Cosmos DB health and set up alerts</strong> [Medium] &mdash; 2 resource(s) remediated (GUID: <code>deaea200-013c-414b-ac9f-bfa7a7fb13f0</code>)</li>
</ul>","High; Reliability; Azure Service; Source:APRL","1","N9GFN-Test-Project","N9GFN-Test-Project\Backlog3"
"Task","","","","Enable availability zones","<h1>Enable availability zones</h1>
<h2>Recommendation</h2>
<p>When availability zones are configured, Azure Cosmos DB intelligently distributes the 4 replicas of your data across all available zones. It ensures that your Azure Cosmos DB can withstand an outage in one availability zone and remain fully operational throughout.</p>
<h2>Details</h2>
<ul>
<li><strong>Impact:</strong> High</li>
<li><strong>WAF Pillar:</strong> Reliability</li>
<li><strong>Control:</strong> High Availability</li>
<li><strong>Potential Benefit:</strong> Enhances high availability</li>
<li><strong>Source:</strong> APRL</li>
<li><strong>APRL Guid:</strong> 921631f6-ed59-49a5-94c1-f0f3ececa580</li>
</ul>
<h2>Learn More</h2>
<p><a href=""https://learn.microsoft.com/azure/reliability/reliability-cosmos-db-nosql"">https://learn.microsoft.com/azure/reliability/reliability-cosmos-db-nosql</a></p>
<h2>Affected Resources (1)</h2>
<table>
<tr><th>#</th><th>Resource Name</th><th>Resource Group</th><th>Location</th><th>Subscription</th></tr>
<tr><td>1</td><td>cosmos-btr-demo-jfh3g0</td><td>rg-btr-demo</td><td>uksouth</td><td>a4aef89a-cd11-438f-b30a-58e84134ade1</td></tr>
</table>
","<ul>
<li>All 1 resource(s) have been remediated for recommendation <strong>Enable availability zones</strong></li>
<li>APRL check <code>921631f6-ed59-49a5-94c1-f0f3ececa580</code> passes for all resources</li>
</ul>
<p><strong>Per-resource verification:</strong></p>
<ul>
<li>Resource <strong>cosmos-btr-demo-jfh3g0</strong> in <code>rg-btr-demo</code> is compliant</li>
<li>Changes verified via <a href=""https://learn.microsoft.com/azure/reliability/reliability-cosmos-db-nosql"">https://learn.microsoft.com/azure/reliability/reliability-cosmos-db-nosql</a></li>
</ul>","High; Reliability; Source:APRL","1","N9GFN-Test-Project","N9GFN-Test-Project\Backlog3"
"Task","","","","Configure continuous backup mode","<h1>Configure continuous backup mode</h1>
<h2>Recommendation</h2>
<p>Cosmos DB's backup is always on, offering protection against data mishaps. Continuous mode allows for self-serve restoration to a pre-mishap point, unlike periodic mode which requires contacting Microsoft support, leading to longer restore times.</p>
<h2>Details</h2>
<ul>
<li><strong>Impact:</strong> High</li>
<li><strong>WAF Pillar:</strong> Reliability</li>
<li><strong>Control:</strong> Disaster Recovery</li>
<li><strong>Potential Benefit:</strong> Faster self-serve data restore</li>
<li><strong>Source:</strong> APRL</li>
<li><strong>APRL Guid:</strong> e544520b-8505-7841-9e77-1f1974ee86ec</li>
</ul>
<h2>Learn More</h2>
<p><a href=""https://learn.microsoft.com/azure/cosmos-db/continuous-backup-restore-introduction"">https://learn.microsoft.com/azure/cosmos-db/continuous-backup-restore-introduction</a></p>
<h2>Affected Resources (2)</h2>
<table>
<tr><th>#</th><th>Resource Name</th><th>Resource Group</th><th>Location</th><th>Subscription</th></tr>
<tr><td>1</td><td>test-cdb-uk01</td><td>defaultresourcegroup-suk</td><td>westus2</td><td>a4aef89a-cd11-438f-b30a-58e84134ade1</td></tr>
<tr><td>2</td><td>cosmos-btr-demo-jfh3g0</td><td>rg-btr-demo</td><td>uksouth</td><td>a4aef89a-cd11-438f-b30a-58e84134ade1</td></tr>
</table>
","<ul>
<li>All 2 resource(s) have been remediated for recommendation <strong>Configure continuous backup mode</strong></li>
<li>APRL check <code>e544520b-8505-7841-9e77-1f1974ee86ec</code> passes for all resources</li>
</ul>
<p><strong>Per-resource verification:</strong></p>
<ul>
<li>Resource <strong>test-cdb-uk01</strong> in <code>defaultresourcegroup-suk</code> is compliant</li>
<li>Resource <strong>cosmos-btr-demo-jfh3g0</strong> in <code>rg-btr-demo</code> is compliant</li>
<li>Changes verified via <a href=""https://learn.microsoft.com/azure/cosmos-db/continuous-backup-restore-introduction"">https://learn.microsoft.com/azure/cosmos-db/continuous-backup-restore-introduction</a></li>
</ul>","High; Reliability; Source:APRL","1","N9GFN-Test-Project","N9GFN-Test-Project\Backlog3"
"Task","","","","Monitor Cosmos DB health and set up alerts","<h1>Monitor Cosmos DB health and set up alerts</h1>
<h2>Recommendation</h2>
<p>Monitoring the availability and responsiveness of Azure Cosmos DB resources and having alerts set up for your workload is a good practice. This ensures you stay proactive in handling unforeseen events.</p>
<h2>Details</h2>
<ul>
<li><strong>Impact:</strong> Medium</li>
<li><strong>WAF Pillar:</strong> Reliability</li>
<li><strong>Control:</strong> Monitoring And Alerting</li>
<li><strong>Potential Benefit:</strong> Proactive issue management</li>
<li><strong>Source:</strong> APRL</li>
<li><strong>APRL Guid:</strong> deaea200-013c-414b-ac9f-bfa7a7fb13f0</li>
</ul>
<h2>Learn More</h2>
<p><a href=""https://learn.microsoft.com/azure/cosmos-db/create-alerts"">https://learn.microsoft.com/azure/cosmos-db/create-alerts</a></p>
<h2>Affected Resources (2)</h2>
<table>
<tr><th>#</th><th>Resource Name</th><th>Resource Group</th><th>Location</th><th>Subscription</th></tr>
<tr><td>1</td><td>cosmos-btr-demo-jfh3g0</td><td>rg-btr-demo</td><td>uksouth</td><td>a4aef89a-cd11-438f-b30a-58e84134ade1</td></tr>
<tr><td>2</td><td>test-cdb-uk01</td><td>defaultresourcegroup-suk</td><td>westus2</td><td>a4aef89a-cd11-438f-b30a-58e84134ade1</td></tr>
</table>
","<ul>
<li>All 2 resource(s) have been remediated for recommendation <strong>Monitor Cosmos DB health and set up alerts</strong></li>
<li>APRL check <code>deaea200-013c-414b-ac9f-bfa7a7fb13f0</code> passes for all resources</li>
</ul>
<p><strong>Per-resource verification:</strong></p>
<ul>
<li>Resource <strong>cosmos-btr-demo-jfh3g0</strong> in <code>rg-btr-demo</code> is compliant</li>
<li>Resource <strong>test-cdb-uk01</strong> in <code>defaultresourcegroup-suk</code> is compliant</li>
<li>Changes verified via <a href=""https://learn.microsoft.com/azure/cosmos-db/create-alerts"">https://learn.microsoft.com/azure/cosmos-db/create-alerts</a></li>
</ul>","Medium; Reliability; Source:APRL","2","N9GFN-Test-Project","N9GFN-Test-Project\Backlog3"
"Feature","","Servers","","","<h1>Servers (microsoft.sql/servers)</h1>
<h2>Overview</h2>
<p>Recommendations for <strong>microsoft.sql/servers</strong> resources within the <strong>Data</strong> domain.</p>
<h2>Scope</h2>
<ul>
<li><strong>Recommendations:</strong> 3</li>
<li><strong>Affected Resources:</strong> 1</li>
<li><strong>Resource Groups:</strong> rg-btr-demo</li>
<li><strong>Subscriptions:</strong> a4aef89a-cd11-438f-b30a-58e84134ade1</li>
<li><strong>Regions:</strong> uksouth</li>
</ul>
<h2>Impact Breakdown</h2>
<ul>
<li><strong>High:</strong> 2</li>
<li><strong>Medium:</strong> 1</li>
</ul>
<h2>Recommendations</h2>
<ol>
<li><strong>Use Failover Group endpoints for database connections</strong> [High]
<ul>
<li><strong>Control:</strong> Disaster Recovery</li>
<li><strong>Benefit:</strong> Enhanced disaster recovery</li>
<li><strong>Affected Resources:</strong> 1</li>
</ul>
</li>
<li><strong>Use failover group customer managed policy</strong> [High]
<ul>
<li><strong>Control:</strong> Disaster Recovery</li>
<li><strong>Benefit:</strong> Enhanced disaster recovery</li>
<li><strong>Affected Resources:</strong> 1</li>
</ul>
</li>
<li><strong>Back Up Your Keys</strong> [Medium]
<ul>
<li><strong>Control:</strong> Disaster Recovery</li>
<li><strong>Benefit:</strong> Enhanced security and data recovery</li>
<li><strong>Affected Resources:</strong> 1</li>
</ul>
</li>
</ol>
","<p>All recommendations for <strong>microsoft.sql/servers</strong> are completed. Resources validated against APRL checks.</p>
<p><strong>Recommendations to complete:</strong></p>
<ul>
<li>Use Failover Group endpoints for database connections [High] &mdash; 1 resource(s)</li>
<li>Use failover group customer managed policy [High] &mdash; 1 resource(s)</li>
<li>Back Up Your Keys [Medium] &mdash; 1 resource(s)</li>
</ul>","microsoft.sql/servers; Data","1","N9GFN-Test-Project","N9GFN-Test-Project\Backlog3"
"User Story","","","Servers - Recommendations","","<h1>Servers - Recommendations</h1>
<h2>Overview</h2>
<p>Consolidated APRL recommendations for <strong>microsoft.sql/servers</strong> resources.</p>
<ul>
<li><strong>Impact:</strong> High</li>
<li><strong>WAF Pillars:</strong> Reliability</li>
<li><strong>Recommendations:</strong> 3</li>
<li><strong>Affected Resources:</strong> 1</li>
<li><strong>Source:</strong> APRL</li>
</ul>
<h2>Recommendations Summary</h2>
<table>
<tr><th>#</th><th>Recommendation</th><th>Impact</th><th>WAF Pillar</th><th>Affected Resources</th></tr>
<tr><td>1</td><td>Use Failover Group endpoints for database connections</td><td>High</td><td>Reliability</td><td>1</td></tr>
<tr><td>2</td><td>Use failover group customer managed policy</td><td>High</td><td>Reliability</td><td>1</td></tr>
<tr><td>3</td><td>Back Up Your Keys</td><td>Medium</td><td>Reliability</td><td>1</td></tr>
</table>
","<ul>
<li>All 3 recommendation(s) have been implemented</li>
<li>All 1 affected resource(s) pass APRL compliance checks</li>
</ul>
<p><strong>Per-recommendation verification:</strong></p>
<ul>
<li><strong>Use Failover Group endpoints for database connections</strong> [High] &mdash; 1 resource(s) remediated (GUID: <code>de266d8a-a9f3-4cb9-be95-9306001fceea</code>)</li>
<li><strong>Use failover group customer managed policy</strong> [High] &mdash; 1 resource(s) remediated (GUID: <code>0f838324-ffe3-4b8a-b7a2-d983be8f9fa9</code>)</li>
<li><strong>Back Up Your Keys</strong> [Medium] &mdash; 1 resource(s) remediated (GUID: <code>d6ef87aa-574e-584e-a955-3e6bb8b5425b</code>)</li>
</ul>","High; Reliability; Azure Service; Source:APRL","1","N9GFN-Test-Project","N9GFN-Test-Project\Backlog3"
"Task","","","","Use Failover Group endpoints for database connections","<h1>Use Failover Group endpoints for database connections</h1>
<h2>Recommendation</h2>
<p>When using Failover Groups, it is recommended to connect to the Failover Group endpoint instead of individual database endpoints. This allows for automatic redirection to the secondary database in case of a failover, ensuring high availability.</p>
<h2>Details</h2>
<ul>
<li><strong>Impact:</strong> High</li>
<li><strong>WAF Pillar:</strong> Reliability</li>
<li><strong>Control:</strong> Disaster Recovery</li>
<li><strong>Potential Benefit:</strong> Enhanced disaster recovery</li>
<li><strong>Source:</strong> APRL</li>
<li><strong>APRL Guid:</strong> de266d8a-a9f3-4cb9-be95-9306001fceea</li>
</ul>
<h2>Learn More</h2>
<p><a href=""https://learn.microsoft.com/azure/azure-sql/database/failover-group-sql-db?view=azuresql#endpoint-redirection"">https://learn.microsoft.com/azure/azure-sql/database/failover-group-sql-db?view=azuresql#endpoint-redirection</a></p>
<h2>Affected Resources (1)</h2>
<table>
<tr><th>#</th><th>Resource Name</th><th>Resource Group</th><th>Location</th><th>Subscription</th></tr>
<tr><td>1</td><td>sql-btr-demo-jfh3g0</td><td>rg-btr-demo</td><td>uksouth</td><td>a4aef89a-cd11-438f-b30a-58e84134ade1</td></tr>
</table>
","<ul>
<li>All 1 resource(s) have been remediated for recommendation <strong>Use Failover Group endpoints for database connections</strong></li>
<li>APRL check <code>de266d8a-a9f3-4cb9-be95-9306001fceea</code> passes for all resources</li>
</ul>
<p><strong>Per-resource verification:</strong></p>
<ul>
<li>Resource <strong>sql-btr-demo-jfh3g0</strong> in <code>rg-btr-demo</code> is compliant</li>
<li>Changes verified via <a href=""https://learn.microsoft.com/azure/azure-sql/database/failover-group-sql-db?view=azuresql#endpoint-redirection"">https://learn.microsoft.com/azure/azure-sql/database/failover-group-sql-db?view=azuresql#endpoint-redirection</a></li>
</ul>","High; Reliability; Source:APRL","1","N9GFN-Test-Project","N9GFN-Test-Project\Backlog3"
"Task","","","","Use failover group customer managed policy","<h1>Use failover group customer managed policy</h1>
<h2>Recommendation</h2>
<p>When using failover groups, setting your failover policy to customer managed is highly recommended as it keeps you in control of when to initiate a failover.</p>
<h2>Details</h2>
<ul>
<li><strong>Impact:</strong> High</li>
<li><strong>WAF Pillar:</strong> Reliability</li>
<li><strong>Control:</strong> Disaster Recovery</li>
<li><strong>Potential Benefit:</strong> Enhanced disaster recovery</li>
<li><strong>Source:</strong> APRL</li>
<li><strong>APRL Guid:</strong> 0f838324-ffe3-4b8a-b7a2-d983be8f9fa9</li>
</ul>
<h2>Learn More</h2>
<p><a href=""https://aka.ms/SQLDBFGPolicy"">https://aka.ms/SQLDBFGPolicy</a></p>
<h2>Affected Resources (1)</h2>
<table>
<tr><th>#</th><th>Resource Name</th><th>Resource Group</th><th>Location</th><th>Subscription</th></tr>
<tr><td>1</td><td>sql-btr-demo-jfh3g0</td><td>rg-btr-demo</td><td>uksouth</td><td>a4aef89a-cd11-438f-b30a-58e84134ade1</td></tr>
</table>
","<ul>
<li>All 1 resource(s) have been remediated for recommendation <strong>Use failover group customer managed policy</strong></li>
<li>APRL check <code>0f838324-ffe3-4b8a-b7a2-d983be8f9fa9</code> passes for all resources</li>
</ul>
<p><strong>Per-resource verification:</strong></p>
<ul>
<li>Resource <strong>sql-btr-demo-jfh3g0</strong> in <code>rg-btr-demo</code> is compliant</li>
<li>Changes verified via <a href=""https://aka.ms/SQLDBFGPolicy"">https://aka.ms/SQLDBFGPolicy</a></li>
</ul>","High; Reliability; Source:APRL","1","N9GFN-Test-Project","N9GFN-Test-Project\Backlog3"
"Task","","","","Back Up Your Keys","<h1>Back Up Your Keys</h1>
<h2>Recommendation</h2>
<p>It is highly recommended to use Azure Key Vault (AKV) to store encryption keys related to Always Encrypted configurations, however it is not required. If you are not using AKV, then ensure that your keys are properly backed up and stored in a secure manner.</p>
<h2>Details</h2>
<ul>
<li><strong>Impact:</strong> Medium</li>
<li><strong>WAF Pillar:</strong> Reliability</li>
<li><strong>Control:</strong> Disaster Recovery</li>
<li><strong>Potential Benefit:</strong> Enhanced security and data recovery</li>
<li><strong>Source:</strong> APRL</li>
<li><strong>APRL Guid:</strong> d6ef87aa-574e-584e-a955-3e6bb8b5425b</li>
</ul>
<h2>Learn More</h2>
<p><a href=""https://learn.microsoft.com/azure/key-vault/general/overview"">https://learn.microsoft.com/azure/key-vault/general/overview</a></p>
<h2>Affected Resources (1)</h2>
<table>
<tr><th>#</th><th>Resource Name</th><th>Resource Group</th><th>Location</th><th>Subscription</th></tr>
<tr><td>1</td><td>sql-btr-demo-jfh3g0</td><td>rg-btr-demo</td><td>uksouth</td><td>a4aef89a-cd11-438f-b30a-58e84134ade1</td></tr>
</table>
","<ul>
<li>All 1 resource(s) have been remediated for recommendation <strong>Back Up Your Keys</strong></li>
<li>APRL check <code>d6ef87aa-574e-584e-a955-3e6bb8b5425b</code> passes for all resources</li>
</ul>
<p><strong>Per-resource verification:</strong></p>
<ul>
<li>Resource <strong>sql-btr-demo-jfh3g0</strong> in <code>rg-btr-demo</code> is compliant</li>
<li>Changes verified via <a href=""https://learn.microsoft.com/azure/key-vault/general/overview"">https://learn.microsoft.com/azure/key-vault/general/overview</a></li>
</ul>","Medium; Reliability; Source:APRL","2","N9GFN-Test-Project","N9GFN-Test-Project\Backlog3"
"Feature","","Databaseaccounts","","","<h1>Databaseaccounts (microsoft.documentdb/databaseaccounts)</h1>
<h2>Overview</h2>
<p>Recommendations for <strong>microsoft.documentdb/databaseaccounts</strong> resources within the <strong>Data</strong> domain.</p>
<h2>Scope</h2>
<ul>
<li><strong>Recommendations:</strong> 2</li>
<li><strong>Affected Resources:</strong> 1</li>
<li><strong>Resource Groups:</strong> defaultresourcegroup-suk</li>
<li><strong>Subscriptions:</strong> a4aef89a-cd11-438f-b30a-58e84134ade1</li>
<li><strong>Regions:</strong> westus2</li>
</ul>
<h2>Impact Breakdown</h2>
<ul>
<li><strong>High:</strong> 1</li>
<li><strong>Medium:</strong> 1</li>
</ul>
<h2>Recommendations</h2>
<ol>
<li><strong>Enable zone redundancy for multi-region Cosmos DB accounts</strong> [High]
<ul>
<li><strong>Control:</strong> High Availability</li>
<li><strong>Benefit:</strong> </li>
<li><strong>Affected Resources:</strong> 1</li>
</ul>
</li>
<li><strong>Improve resiliency by migrating your Azure Cosmos DB accounts to continuous backup</strong> [Medium]
<ul>
<li><strong>Control:</strong> High Availability</li>
<li><strong>Benefit:</strong> </li>
<li><strong>Affected Resources:</strong> 1</li>
</ul>
</li>
</ol>
","<p>All recommendations for <strong>microsoft.documentdb/databaseaccounts</strong> are completed. Resources validated against APRL checks.</p>
<p><strong>Recommendations to complete:</strong></p>
<ul>
<li>Enable zone redundancy for multi-region Cosmos DB accounts [High] &mdash; 1 resource(s)</li>
<li>Improve resiliency by migrating your Azure Cosmos DB accounts to continuous backup [Medium] &mdash; 1 resource(s)</li>
</ul>","microsoft.documentdb/databaseaccounts; Data","1","N9GFN-Test-Project","N9GFN-Test-Project\Backlog3"
"User Story","","","Databaseaccounts - Recommendations","","<h1>Databaseaccounts - Recommendations</h1>
<h2>Overview</h2>
<p>Consolidated APRL recommendations for <strong>microsoft.documentdb/databaseaccounts</strong> resources.</p>
<ul>
<li><strong>Impact:</strong> High</li>
<li><strong>WAF Pillars:</strong> Reliability</li>
<li><strong>Recommendations:</strong> 2</li>
<li><strong>Affected Resources:</strong> 1</li>
<li><strong>Source:</strong> APRL & Advisor</li>
</ul>
<h2>Recommendations Summary</h2>
<table>
<tr><th>#</th><th>Recommendation</th><th>Impact</th><th>WAF Pillar</th><th>Affected Resources</th></tr>
<tr><td>1</td><td>Enable zone redundancy for multi-region Cosmos DB accounts</td><td>High</td><td>Reliability</td><td>1</td></tr>
<tr><td>2</td><td>Improve resiliency by migrating your Azure Cosmos DB accounts to continuous backup</td><td>Medium</td><td>Reliability</td><td>1</td></tr>
</table>
","<ul>
<li>All 2 recommendation(s) have been implemented</li>
<li>All 1 affected resource(s) pass APRL compliance checks</li>
</ul>
<p><strong>Per-recommendation verification:</strong></p>
<ul>
<li><strong>Enable zone redundancy for multi-region Cosmos DB accounts</strong> [High] &mdash; 1 resource(s) remediated (GUID: <code>687f83d3-db01-4ab1-a77b-b31e99f16d33</code>)</li>
<li><strong>Improve resiliency by migrating your Azure Cosmos DB accounts to continuous backup</strong> [Medium] &mdash; 1 resource(s) remediated (GUID: <code>52fef986-5897-4359-8b92-0f22749f0d73</code>)</li>
</ul>","High; Reliability; Azure Service; Source:APRL & Advisor","1","N9GFN-Test-Project","N9GFN-Test-Project\Backlog3"
"Task","","","","Enable zone redundancy for multi-region Cosmos DB accounts","<h1>Enable zone redundancy for multi-region Cosmos DB accounts</h1>
<h2>Recommendation</h2>
<p>No detailed description available.</p>
<h2>Details</h2>
<ul>
<li><strong>Impact:</strong> High</li>
<li><strong>WAF Pillar:</strong> Reliability</li>
<li><strong>Control:</strong> High Availability</li>
<li><strong>Potential Benefit:</strong> N/A</li>
<li><strong>Source:</strong> ADVISOR</li>
<li><strong>APRL Guid:</strong> 687f83d3-db01-4ab1-a77b-b31e99f16d33</li>
</ul>
<h2>Affected Resources (1)</h2>
<table>
<tr><th>#</th><th>Resource Name</th><th>Resource Group</th><th>Location</th><th>Subscription</th></tr>
<tr><td>1</td><td>test-cdb-uk01</td><td>defaultresourcegroup-suk</td><td>westus2</td><td>a4aef89a-cd11-438f-b30a-58e84134ade1</td></tr>
</table>
","<ul>
<li>All 1 resource(s) have been remediated for recommendation <strong>Enable zone redundancy for multi-region Cosmos DB accounts</strong></li>
<li>APRL check <code>687f83d3-db01-4ab1-a77b-b31e99f16d33</code> passes for all resources</li>
</ul>
<p><strong>Per-resource verification:</strong></p>
<ul>
<li>Resource <strong>test-cdb-uk01</strong> in <code>defaultresourcegroup-suk</code> is compliant</li>
<li>Source: <strong>ADVISOR</strong></li>
</ul>","High; Reliability; Source:ADVISOR","1","N9GFN-Test-Project","N9GFN-Test-Project\Backlog3"
"Task","","","","Improve resiliency by migrating your Azure Cosmos DB accounts to continuous backup","<h1>Improve resiliency by migrating your Azure Cosmos DB accounts to continuous backup</h1>
<h2>Recommendation</h2>
<p>No detailed description available.</p>
<h2>Details</h2>
<ul>
<li><strong>Impact:</strong> Medium</li>
<li><strong>WAF Pillar:</strong> Reliability</li>
<li><strong>Control:</strong> High Availability</li>
<li><strong>Potential Benefit:</strong> N/A</li>
<li><strong>Source:</strong> ADVISOR</li>
<li><strong>APRL Guid:</strong> 52fef986-5897-4359-8b92-0f22749f0d73</li>
</ul>
<h2>Affected Resources (1)</h2>
<table>
<tr><th>#</th><th>Resource Name</th><th>Resource Group</th><th>Location</th><th>Subscription</th></tr>
<tr><td>1</td><td>test-cdb-uk01</td><td>defaultresourcegroup-suk</td><td>westus2</td><td>a4aef89a-cd11-438f-b30a-58e84134ade1</td></tr>
</table>
","<ul>
<li>All 1 resource(s) have been remediated for recommendation <strong>Improve resiliency by migrating your Azure Cosmos DB accounts to continuous backup</strong></li>
<li>APRL check <code>52fef986-5897-4359-8b92-0f22749f0d73</code> passes for all resources</li>
</ul>
<p><strong>Per-resource verification:</strong></p>
<ul>
<li>Resource <strong>test-cdb-uk01</strong> in <code>defaultresourcegroup-suk</code> is compliant</li>
<li>Source: <strong>ADVISOR</strong></li>
</ul>","Medium; Reliability; Source:ADVISOR","2","N9GFN-Test-Project","N9GFN-Test-Project\Backlog3"
"Epic","Networking","","","","<h1>Networking</h1>
<h2>Overview</h2>
<p>Virtual networks, gateways, load balancers, and connectivity</p>
<p><strong>WAF Pillars:</strong> Reliability</p>
<h2>Scope</h2>
<ul>
<li><strong>Total Features:</strong> 4</li>
<li><strong>Total Recommendations:</strong> 4</li>
<li><strong>Total Affected Resources:</strong> 17</li>
<li><strong>Subscriptions:</strong> a4aef89a-cd11-438f-b30a-58e84134ade1</li>
</ul>
<h2>Impact Summary</h2>
<ul>
<li><strong>Medium:</strong> 4 recommendation(s)</li>
<li><strong>Low:</strong> 2 recommendation(s)</li>
</ul>
<h2>Features</h2>
<ul>
<li><strong>Network Security Groups</strong> (Microsoft.Network/networkSecurityGroups) &mdash; 11 resource(s), 1 recommendation(s)</li>
<li><strong>Networkwatchers</strong> (microsoft.network/networkwatchers) &mdash; 2 resource(s), 1 recommendation(s)</li>
<li><strong>Virtual Networks</strong> (Microsoft.Network/virtualNetworks) &mdash; 2 resource(s), 1 recommendation(s)</li>
<li><strong>Virtualnetworks</strong> (microsoft.network/virtualnetworks) &mdash; 2 resource(s), 1 recommendation(s)</li>
</ul>
","<p>All Features within this Epic are completed and verified.</p>
<p><strong>Features to complete:</strong></p>
<ul>
<li>Network Security Groups (Microsoft.Network/networkSecurityGroups) &mdash; 1 recommendation(s), 2 resource(s)</li>
<li>Networkwatchers (microsoft.network/networkwatchers) &mdash; 1 recommendation(s), 2 resource(s)</li>
<li>Virtual Networks (Microsoft.Network/virtualNetworks) &mdash; 1 recommendation(s), 1 resource(s)</li>
<li>Virtualnetworks (microsoft.network/virtualnetworks) &mdash; 1 recommendation(s), 1 resource(s)</li>
</ul>","Reliability; Networking","2","N9GFN-Test-Project","N9GFN-Test-Project\Backlog3"
"Feature","","Network Security Groups","","","<h1>Network Security Groups (Microsoft.Network/networkSecurityGroups)</h1>
<h2>Overview</h2>
<p>Recommendations for <strong>Microsoft.Network/networkSecurityGroups</strong> resources within the <strong>Networking</strong> domain.</p>
<h2>Scope</h2>
<ul>
<li><strong>Recommendations:</strong> 2</li>
<li><strong>Affected Resources:</strong> 11</li>
<li><strong>Resource Groups:</strong> resiliancetestingworkload, rg-btr-demo</li>
<li><strong>Subscriptions:</strong> a4aef89a-cd11-438f-b30a-58e84134ade1</li>
<li><strong>Regions:</strong> uksouth</li>
</ul>
<h2>Impact Breakdown</h2>
<ul>
<li><strong>Medium:</strong> 1</li>
<li><strong>Low:</strong> 1</li>
</ul>
<h2>Recommendations</h2>
<ol>
<li><strong>Configure Diagnostic Settings for all network security groups</strong> [Medium]
<ul>
<li><strong>Control:</strong> Monitoring And Alerting</li>
<li><strong>Benefit:</strong> Enhanced monitoring and security insights</li>
<li><strong>Affected Resources:</strong> 11</li>
</ul>
</li>
<li><strong>Monitor changes in Network Security Groups with Azure Monitor</strong> [Low]
<ul>
<li><strong>Control:</strong> Monitoring And Alerting</li>
<li><strong>Benefit:</strong> Enhanced security and change monitoring</li>
<li><strong>Affected Resources:</strong> 11</li>
</ul>
</li>
</ol>
","<p>All recommendations for <strong>Microsoft.Network/networkSecurityGroups</strong> are completed. Resources validated against APRL checks.</p>
<p><strong>Recommendations to complete:</strong></p>
<ul>
<li>Configure Diagnostic Settings for all network security groups [Medium] &mdash; 11 resource(s)</li>
<li>Monitor changes in Network Security Groups with Azure Monitor [Low] &mdash; 11 resource(s)</li>
</ul>","Microsoft.Network/networkSecurityGroups; Networking","2","N9GFN-Test-Project","N9GFN-Test-Project\Backlog3"
"User Story","","","Network Security Groups - Recommendations","","<h1>Network Security Groups - Recommendations</h1>
<h2>Overview</h2>
<p>Consolidated APRL recommendations for <strong>Microsoft.Network/networkSecurityGroups</strong> resources.</p>
<ul>
<li><strong>Impact:</strong> Medium</li>
<li><strong>WAF Pillars:</strong> Reliability</li>
<li><strong>Recommendations:</strong> 2</li>
<li><strong>Affected Resources:</strong> 11</li>
<li><strong>Source:</strong> APRL</li>
</ul>
<h2>Recommendations Summary</h2>
<table>
<tr><th>#</th><th>Recommendation</th><th>Impact</th><th>WAF Pillar</th><th>Affected Resources</th></tr>
<tr><td>1</td><td>Configure Diagnostic Settings for all network security groups</td><td>Medium</td><td>Reliability</td><td>11</td></tr>
<tr><td>2</td><td>Monitor changes in Network Security Groups with Azure Monitor</td><td>Low</td><td>Reliability</td><td>11</td></tr>
</table>
","<ul>
<li>All 2 recommendation(s) have been implemented</li>
<li>All 11 affected resource(s) pass APRL compliance checks</li>
</ul>
<p><strong>Per-recommendation verification:</strong></p>
<ul>
<li><strong>Configure Diagnostic Settings for all network security groups</strong> [Medium] &mdash; 11 resource(s) remediated (GUID: <code>d2976d3e-294b-4b49-a1f0-c42566a3758f</code>)</li>
<li><strong>Monitor changes in Network Security Groups with Azure Monitor</strong> [Low] &mdash; 11 resource(s) remediated (GUID: <code>8bb4a57b-55e4-d24e-9c19-2679d8bc779f</code>)</li>
</ul>","Medium; Reliability; Azure Service; Source:APRL","2","N9GFN-Test-Project","N9GFN-Test-Project\Backlog3"
"Task","","","","Configure Diagnostic Settings for all network security groups","<h1>Configure Diagnostic Settings for all network security groups</h1>
<h2>Recommendation</h2>
<p>Resource Logs are not collected and stored until you create a diagnostic setting and route them to one or more locations.</p>
<h2>Details</h2>
<ul>
<li><strong>Impact:</strong> Medium</li>
<li><strong>WAF Pillar:</strong> Reliability</li>
<li><strong>Control:</strong> Monitoring And Alerting</li>
<li><strong>Potential Benefit:</strong> Enhanced monitoring and security insights</li>
<li><strong>Source:</strong> APRL</li>
<li><strong>APRL Guid:</strong> d2976d3e-294b-4b49-a1f0-c42566a3758f</li>
</ul>
<h2>Learn More</h2>
<p><a href=""https://learn.microsoft.com/azure/azure-monitor/essentials/diagnostic-settings"">https://learn.microsoft.com/azure/azure-monitor/essentials/diagnostic-settings</a></p>
<h2>Affected Resources (11)</h2>
<table>
<tr><th>#</th><th>Resource Name</th><th>Resource Group</th><th>Location</th><th>Subscription</th></tr>
<tr><td>1</td><td>server01-nsg</td><td>resiliancetestingworkload</td><td>uksouth</td><td>a4aef89a-cd11-438f-b30a-58e84134ade1</td></tr>
<tr><td>2</td><td>vnet01-snet-uksouth-1-nsg-uksouth</td><td>resiliancetestingworkload</td><td>uksouth</td><td>a4aef89a-cd11-438f-b30a-58e84134ade1</td></tr>
<tr><td>3</td><td>vnet01-subnet01-nsg-uksouth</td><td>resiliancetestingworkload</td><td>uksouth</td><td>a4aef89a-cd11-438f-b30a-58e84134ade1</td></tr>
<tr><td>4</td><td>vnet-btr-demo-snet-app-nsg-uksouth</td><td>rg-btr-demo</td><td>uksouth</td><td>a4aef89a-cd11-438f-b30a-58e84134ade1</td></tr>
<tr><td>5</td><td>vnet-btr-demo-snet-vm-nsg-uksouth</td><td>rg-btr-demo</td><td>uksouth</td><td>a4aef89a-cd11-438f-b30a-58e84134ade1</td></tr>
<tr><td>6</td><td>vnet-btr-demo-snet-db-nsg-uksouth</td><td>rg-btr-demo</td><td>uksouth</td><td>a4aef89a-cd11-438f-b30a-58e84134ade1</td></tr>
<tr><td>7</td><td>vnet01-snet-uksouth-2-nsg-uksouth</td><td>resiliancetestingworkload</td><td>uksouth</td><td>a4aef89a-cd11-438f-b30a-58e84134ade1</td></tr>
<tr><td>8</td><td>basicNsgvnet01-nic01</td><td>resiliancetestingworkload</td><td>uksouth</td><td>a4aef89a-cd11-438f-b30a-58e84134ade1</td></tr>
<tr><td>9</td><td>vnet-btr-demo-AzureBastionSubnet-nsg-uksouth</td><td>rg-btr-demo</td><td>uksouth</td><td>a4aef89a-cd11-438f-b30a-58e84134ade1</td></tr>
<tr><td>10</td><td>vnet01-subnet02-nsg-uksouth</td><td>resiliancetestingworkload</td><td>uksouth</td><td>a4aef89a-cd11-438f-b30a-58e84134ade1</td></tr>
<tr><td>11</td><td>vnet-btr-demo-snet-func-nsg-uksouth</td><td>rg-btr-demo</td><td>uksouth</td><td>a4aef89a-cd11-438f-b30a-58e84134ade1</td></tr>
</table>
","<ul>
<li>All 11 resource(s) have been remediated for recommendation <strong>Configure Diagnostic Settings for all network security groups</strong></li>
<li>APRL check <code>d2976d3e-294b-4b49-a1f0-c42566a3758f</code> passes for all resources</li>
</ul>
<p><strong>Per-resource verification:</strong></p>
<ul>
<li>Resource <strong>server01-nsg</strong> in <code>resiliancetestingworkload</code> is compliant</li>
<li>Resource <strong>vnet01-snet-uksouth-1-nsg-uksouth</strong> in <code>resiliancetestingworkload</code> is compliant</li>
<li>Resource <strong>vnet01-subnet01-nsg-uksouth</strong> in <code>resiliancetestingworkload</code> is compliant</li>
<li>Resource <strong>vnet-btr-demo-snet-app-nsg-uksouth</strong> in <code>rg-btr-demo</code> is compliant</li>
<li>Resource <strong>vnet-btr-demo-snet-vm-nsg-uksouth</strong> in <code>rg-btr-demo</code> is compliant</li>
<li>Resource <strong>vnet-btr-demo-snet-db-nsg-uksouth</strong> in <code>rg-btr-demo</code> is compliant</li>
<li>Resource <strong>vnet01-snet-uksouth-2-nsg-uksouth</strong> in <code>resiliancetestingworkload</code> is compliant</li>
<li>Resource <strong>basicNsgvnet01-nic01</strong> in <code>resiliancetestingworkload</code> is compliant</li>
<li>Resource <strong>vnet-btr-demo-AzureBastionSubnet-nsg-uksouth</strong> in <code>rg-btr-demo</code> is compliant</li>
<li>Resource <strong>vnet01-subnet02-nsg-uksouth</strong> in <code>resiliancetestingworkload</code> is compliant</li>
<li>Resource <strong>vnet-btr-demo-snet-func-nsg-uksouth</strong> in <code>rg-btr-demo</code> is compliant</li>
<li>Changes verified via <a href=""https://learn.microsoft.com/azure/azure-monitor/essentials/diagnostic-settings"">https://learn.microsoft.com/azure/azure-monitor/essentials/diagnostic-settings</a></li>
</ul>","Medium; Reliability; Source:APRL","2","N9GFN-Test-Project","N9GFN-Test-Project\Backlog3"
"Task","","","","Monitor changes in Network Security Groups with Azure Monitor","<h1>Monitor changes in Network Security Groups with Azure Monitor</h1>
<h2>Recommendation</h2>
<p>Create Alerts with Azure Monitor for operations like creating or updating Network Security Group rules to catch unauthorized/undesired changes to resources and spot attempts to bypass firewalls or access resources from the outside.</p>
<h2>Details</h2>
<ul>
<li><strong>Impact:</strong> Low</li>
<li><strong>WAF Pillar:</strong> Reliability</li>
<li><strong>Control:</strong> Monitoring And Alerting</li>
<li><strong>Potential Benefit:</strong> Enhanced security and change monitoring</li>
<li><strong>Source:</strong> APRL</li>
<li><strong>APRL Guid:</strong> 8bb4a57b-55e4-d24e-9c19-2679d8bc779f</li>
</ul>
<h2>Learn More</h2>
<p><a href=""https://learn.microsoft.com/azure/azure-monitor/essentials/activity-log?tabs=powershell"">https://learn.microsoft.com/azure/azure-monitor/essentials/activity-log?tabs=powershell</a></p>
<h2>Affected Resources (11)</h2>
<table>
<tr><th>#</th><th>Resource Name</th><th>Resource Group</th><th>Location</th><th>Subscription</th></tr>
<tr><td>1</td><td>basicNsgvnet01-nic01</td><td>resiliancetestingworkload</td><td>uksouth</td><td>a4aef89a-cd11-438f-b30a-58e84134ade1</td></tr>
<tr><td>2</td><td>server01-nsg</td><td>resiliancetestingworkload</td><td>uksouth</td><td>a4aef89a-cd11-438f-b30a-58e84134ade1</td></tr>
<tr><td>3</td><td>vnet01-snet-uksouth-1-nsg-uksouth</td><td>resiliancetestingworkload</td><td>uksouth</td><td>a4aef89a-cd11-438f-b30a-58e84134ade1</td></tr>
<tr><td>4</td><td>vnet01-snet-uksouth-2-nsg-uksouth</td><td>resiliancetestingworkload</td><td>uksouth</td><td>a4aef89a-cd11-438f-b30a-58e84134ade1</td></tr>
<tr><td>5</td><td>vnet01-subnet01-nsg-uksouth</td><td>resiliancetestingworkload</td><td>uksouth</td><td>a4aef89a-cd11-438f-b30a-58e84134ade1</td></tr>
<tr><td>6</td><td>vnet01-subnet02-nsg-uksouth</td><td>resiliancetestingworkload</td><td>uksouth</td><td>a4aef89a-cd11-438f-b30a-58e84134ade1</td></tr>
<tr><td>7</td><td>vnet-btr-demo-AzureBastionSubnet-nsg-uksouth</td><td>rg-btr-demo</td><td>uksouth</td><td>a4aef89a-cd11-438f-b30a-58e84134ade1</td></tr>
<tr><td>8</td><td>vnet-btr-demo-snet-app-nsg-uksouth</td><td>rg-btr-demo</td><td>uksouth</td><td>a4aef89a-cd11-438f-b30a-58e84134ade1</td></tr>
<tr><td>9</td><td>vnet-btr-demo-snet-db-nsg-uksouth</td><td>rg-btr-demo</td><td>uksouth</td><td>a4aef89a-cd11-438f-b30a-58e84134ade1</td></tr>
<tr><td>10</td><td>vnet-btr-demo-snet-func-nsg-uksouth</td><td>rg-btr-demo</td><td>uksouth</td><td>a4aef89a-cd11-438f-b30a-58e84134ade1</td></tr>
<tr><td>11</td><td>vnet-btr-demo-snet-vm-nsg-uksouth</td><td>rg-btr-demo</td><td>uksouth</td><td>a4aef89a-cd11-438f-b30a-58e84134ade1</td></tr>
</table>
","<ul>
<li>All 11 resource(s) have been remediated for recommendation <strong>Monitor changes in Network Security Groups with Azure Monitor</strong></li>
<li>APRL check <code>8bb4a57b-55e4-d24e-9c19-2679d8bc779f</code> passes for all resources</li>
</ul>
<p><strong>Per-resource verification:</strong></p>
<ul>
<li>Resource <strong>basicNsgvnet01-nic01</strong> in <code>resiliancetestingworkload</code> is compliant</li>
<li>Resource <strong>server01-nsg</strong> in <code>resiliancetestingworkload</code> is compliant</li>
<li>Resource <strong>vnet01-snet-uksouth-1-nsg-uksouth</strong> in <code>resiliancetestingworkload</code> is compliant</li>
<li>Resource <strong>vnet01-snet-uksouth-2-nsg-uksouth</strong> in <code>resiliancetestingworkload</code> is compliant</li>
<li>Resource <strong>vnet01-subnet01-nsg-uksouth</strong> in <code>resiliancetestingworkload</code> is compliant</li>
<li>Resource <strong>vnet01-subnet02-nsg-uksouth</strong> in <code>resiliancetestingworkload</code> is compliant</li>
<li>Resource <strong>vnet-btr-demo-AzureBastionSubnet-nsg-uksouth</strong> in <code>rg-btr-demo</code> is compliant</li>
<li>Resource <strong>vnet-btr-demo-snet-app-nsg-uksouth</strong> in <code>rg-btr-demo</code> is compliant</li>
<li>Resource <strong>vnet-btr-demo-snet-db-nsg-uksouth</strong> in <code>rg-btr-demo</code> is compliant</li>
<li>Resource <strong>vnet-btr-demo-snet-func-nsg-uksouth</strong> in <code>rg-btr-demo</code> is compliant</li>
<li>Resource <strong>vnet-btr-demo-snet-vm-nsg-uksouth</strong> in <code>rg-btr-demo</code> is compliant</li>
<li>Changes verified via <a href=""https://learn.microsoft.com/azure/azure-monitor/essentials/activity-log?tabs=powershell"">https://learn.microsoft.com/azure/azure-monitor/essentials/activity-log?tabs=powershell</a></li>
</ul>","Low; Reliability; Source:APRL","3","N9GFN-Test-Project","N9GFN-Test-Project\Backlog3"
"Feature","","Networkwatchers","","","<h1>Networkwatchers (microsoft.network/networkwatchers)</h1>
<h2>Overview</h2>
<p>Recommendations for <strong>microsoft.network/networkwatchers</strong> resources within the <strong>Networking</strong> domain.</p>
<h2>Scope</h2>
<ul>
<li><strong>Recommendations:</strong> 2</li>
<li><strong>Affected Resources:</strong> 2</li>
<li><strong>Resource Groups:</strong> networkwatcherrg</li>
<li><strong>Subscriptions:</strong> a4aef89a-cd11-438f-b30a-58e84134ade1</li>
<li><strong>Regions:</strong> northeurope, uksouth</li>
</ul>
<h2>Impact Breakdown</h2>
<ul>
<li><strong>Medium:</strong> 1</li>
<li><strong>Low:</strong> 1</li>
</ul>
<h2>Recommendations</h2>
<ol>
<li><strong>Configure Network Watcher Connection monitor</strong> [Medium]
<ul>
<li><strong>Control:</strong> Monitoring And Alerting</li>
<li><strong>Benefit:</strong> Improves monitoring for Azure and Hybrid connectivity</li>
<li><strong>Affected Resources:</strong> 2</li>
</ul>
</li>
<li><strong>Deploy Network Watcher in all regions where you have networking services</strong> [Low]
<ul>
<li><strong>Control:</strong> Monitoring And Alerting</li>
<li><strong>Benefit:</strong> Enhanced monitoring and diagnostics for Azure IaaS</li>
<li><strong>Affected Resources:</strong> 2</li>
</ul>
</li>
</ol>
","<p>All recommendations for <strong>microsoft.network/networkwatchers</strong> are completed. Resources validated against APRL checks.</p>
<p><strong>Recommendations to complete:</strong></p>
<ul>
<li>Configure Network Watcher Connection monitor [Medium] &mdash; 2 resource(s)</li>
<li>Deploy Network Watcher in all regions where you have networking services [Low] &mdash; 2 resource(s)</li>
</ul>","microsoft.network/networkwatchers; Networking","2","N9GFN-Test-Project","N9GFN-Test-Project\Backlog3"
"User Story","","","Networkwatchers - Recommendations","","<h1>Networkwatchers - Recommendations</h1>
<h2>Overview</h2>
<p>Consolidated APRL recommendations for <strong>microsoft.network/networkwatchers</strong> resources.</p>
<ul>
<li><strong>Impact:</strong> Medium</li>
<li><strong>WAF Pillars:</strong> Reliability</li>
<li><strong>Recommendations:</strong> 2</li>
<li><strong>Affected Resources:</strong> 2</li>
<li><strong>Source:</strong> APRL</li>
</ul>
<h2>Recommendations Summary</h2>
<table>
<tr><th>#</th><th>Recommendation</th><th>Impact</th><th>WAF Pillar</th><th>Affected Resources</th></tr>
<tr><td>1</td><td>Configure Network Watcher Connection monitor</td><td>Medium</td><td>Reliability</td><td>2</td></tr>
<tr><td>2</td><td>Deploy Network Watcher in all regions where you have networking services</td><td>Low</td><td>Reliability</td><td>2</td></tr>
</table>
","<ul>
<li>All 2 recommendation(s) have been implemented</li>
<li>All 2 affected resource(s) pass APRL compliance checks</li>
</ul>
<p><strong>Per-recommendation verification:</strong></p>
<ul>
<li><strong>Configure Network Watcher Connection monitor</strong> [Medium] &mdash; 2 resource(s) remediated (GUID: <code>1e28bbc1-1eb7-486f-8d7f-93943f40219c</code>)</li>
<li><strong>Deploy Network Watcher in all regions where you have networking services</strong> [Low] &mdash; 2 resource(s) remediated (GUID: <code>4e133bd0-8762-bc40-a95b-b29142427d73</code>)</li>
</ul>","Medium; Reliability; Azure Service; Source:APRL","2","N9GFN-Test-Project","N9GFN-Test-Project\Backlog3"
"Task","","","","Configure Network Watcher Connection monitor","<h1>Configure Network Watcher Connection monitor</h1>
<h2>Recommendation</h2>
<p>Improves monitoring for Azure and Hybrid connectivity</p>
<h2>Details</h2>
<ul>
<li><strong>Impact:</strong> Medium</li>
<li><strong>WAF Pillar:</strong> Reliability</li>
<li><strong>Control:</strong> Monitoring And Alerting</li>
<li><strong>Potential Benefit:</strong> Improves monitoring for Azure and Hybrid connectivity</li>
<li><strong>Source:</strong> APRL</li>
<li><strong>APRL Guid:</strong> 1e28bbc1-1eb7-486f-8d7f-93943f40219c</li>
</ul>
<h2>Learn More</h2>
<p><a href=""https://learn.microsoft.com/azure/network-watcher/connection-monitor-overview"">https://learn.microsoft.com/azure/network-watcher/connection-monitor-overview</a></p>
<h2>Affected Resources (2)</h2>
<table>
<tr><th>#</th><th>Resource Name</th><th>Resource Group</th><th>Location</th><th>Subscription</th></tr>
<tr><td>1</td><td>NetworkWatcher_uksouth</td><td>networkwatcherrg</td><td>uksouth</td><td>a4aef89a-cd11-438f-b30a-58e84134ade1</td></tr>
<tr><td>2</td><td>NetworkWatcher_northeurope</td><td>networkwatcherrg</td><td>northeurope</td><td>a4aef89a-cd11-438f-b30a-58e84134ade1</td></tr>
</table>
","<ul>
<li>All 2 resource(s) have been remediated for recommendation <strong>Configure Network Watcher Connection monitor</strong></li>
<li>APRL check <code>1e28bbc1-1eb7-486f-8d7f-93943f40219c</code> passes for all resources</li>
</ul>
<p><strong>Per-resource verification:</strong></p>
<ul>
<li>Resource <strong>NetworkWatcher_uksouth</strong> in <code>networkwatcherrg</code> is compliant</li>
<li>Resource <strong>NetworkWatcher_northeurope</strong> in <code>networkwatcherrg</code> is compliant</li>
<li>Changes verified via <a href=""https://learn.microsoft.com/azure/network-watcher/connection-monitor-overview"">https://learn.microsoft.com/azure/network-watcher/connection-monitor-overview</a></li>
</ul>","Medium; Reliability; Source:APRL","2","N9GFN-Test-Project","N9GFN-Test-Project\Backlog3"
"Task","","","","Deploy Network Watcher in all regions where you have networking services","<h1>Deploy Network Watcher in all regions where you have networking services</h1>
<h2>Recommendation</h2>
<p>Azure Network Watcher offers tools for monitoring, diagnosing, viewing metrics, and managing logs for IaaS resources. It helps maintain the health of VMs, VNets, application gateways, load balancers, but not for PaaS or Web analytics.</p>
<h2>Details</h2>
<ul>
<li><strong>Impact:</strong> Low</li>
<li><strong>WAF Pillar:</strong> Reliability</li>
<li><strong>Control:</strong> Monitoring And Alerting</li>
<li><strong>Potential Benefit:</strong> Enhanced monitoring and diagnostics for Azure IaaS</li>
<li><strong>Source:</strong> APRL</li>
<li><strong>APRL Guid:</strong> 4e133bd0-8762-bc40-a95b-b29142427d73</li>
</ul>
<h2>Learn More</h2>
<p><a href=""https://learn.microsoft.com/azure/network-watcher/network-watcher-overview"">https://learn.microsoft.com/azure/network-watcher/network-watcher-overview</a></p>
<h2>Affected Resources (2)</h2>
<table>
<tr><th>#</th><th>Resource Name</th><th>Resource Group</th><th>Location</th><th>Subscription</th></tr>
<tr><td>1</td><td>NetworkWatcher_uksouth</td><td>networkwatcherrg</td><td>uksouth</td><td>a4aef89a-cd11-438f-b30a-58e84134ade1</td></tr>
<tr><td>2</td><td>NetworkWatcher_northeurope</td><td>networkwatcherrg</td><td>northeurope</td><td>a4aef89a-cd11-438f-b30a-58e84134ade1</td></tr>
</table>
","<ul>
<li>All 2 resource(s) have been remediated for recommendation <strong>Deploy Network Watcher in all regions where you have networking services</strong></li>
<li>APRL check <code>4e133bd0-8762-bc40-a95b-b29142427d73</code> passes for all resources</li>
</ul>
<p><strong>Per-resource verification:</strong></p>
<ul>
<li>Resource <strong>NetworkWatcher_uksouth</strong> in <code>networkwatcherrg</code> is compliant</li>
<li>Resource <strong>NetworkWatcher_northeurope</strong> in <code>networkwatcherrg</code> is compliant</li>
<li>Changes verified via <a href=""https://learn.microsoft.com/azure/network-watcher/network-watcher-overview"">https://learn.microsoft.com/azure/network-watcher/network-watcher-overview</a></li>
</ul>","Low; Reliability; Source:APRL","3","N9GFN-Test-Project","N9GFN-Test-Project\Backlog3"
"Feature","","Virtual Networks","","","<h1>Virtual Networks (Microsoft.Network/virtualNetworks)</h1>
<h2>Overview</h2>
<p>Recommendations for <strong>Microsoft.Network/virtualNetworks</strong> resources within the <strong>Networking</strong> domain.</p>
<h2>Scope</h2>
<ul>
<li><strong>Recommendations:</strong> 1</li>
<li><strong>Affected Resources:</strong> 2</li>
<li><strong>Resource Groups:</strong> resiliancetestingworkload, rg-btr-demo</li>
<li><strong>Subscriptions:</strong> a4aef89a-cd11-438f-b30a-58e84134ade1</li>
<li><strong>Regions:</strong> uksouth</li>
</ul>
<h2>Impact Breakdown</h2>
<ul>
<li><strong>Medium:</strong> 1</li>
</ul>
<h2>Recommendations</h2>
<ol>
<li><strong>Enable Virtual Network Flow Logs</strong> [Medium]
<ul>
<li><strong>Control:</strong> Monitoring And Alerting</li>
<li><strong>Benefit:</strong> Improves monitoring and security for Azure connectivity</li>
<li><strong>Affected Resources:</strong> 2</li>
</ul>
</li>
</ol>
","<p>All recommendations for <strong>Microsoft.Network/virtualNetworks</strong> are completed. Resources validated against APRL checks.</p>
<p><strong>Recommendations to complete:</strong></p>
<ul>
<li>Enable Virtual Network Flow Logs [Medium] &mdash; 2 resource(s)</li>
</ul>","Microsoft.Network/virtualNetworks; Networking","2","N9GFN-Test-Project","N9GFN-Test-Project\Backlog3"
"User Story","","","Virtual Networks - Recommendations","","<h1>Virtual Networks - Recommendations</h1>
<h2>Overview</h2>
<p>Consolidated APRL recommendations for <strong>Microsoft.Network/virtualNetworks</strong> resources.</p>
<ul>
<li><strong>Impact:</strong> Medium</li>
<li><strong>WAF Pillars:</strong> Reliability</li>
<li><strong>Recommendations:</strong> 1</li>
<li><strong>Affected Resources:</strong> 2</li>
<li><strong>Source:</strong> APRL</li>
</ul>
<h2>Recommendations Summary</h2>
<table>
<tr><th>#</th><th>Recommendation</th><th>Impact</th><th>WAF Pillar</th><th>Affected Resources</th></tr>
<tr><td>1</td><td>Enable Virtual Network Flow Logs</td><td>Medium</td><td>Reliability</td><td>2</td></tr>
</table>
","<ul>
<li>All 1 recommendation(s) have been implemented</li>
<li>All 2 affected resource(s) pass APRL compliance checks</li>
</ul>
<p><strong>Per-recommendation verification:</strong></p>
<ul>
<li><strong>Enable Virtual Network Flow Logs</strong> [Medium] &mdash; 2 resource(s) remediated (GUID: <code>06b77be9-56a3-4d41-b362-8b295c5a283d</code>)</li>
</ul>","Medium; Reliability; Azure Service; Source:APRL","2","N9GFN-Test-Project","N9GFN-Test-Project\Backlog3"
"Task","","","","Enable Virtual Network Flow Logs","<h1>Enable Virtual Network Flow Logs</h1>
<h2>Recommendation</h2>
<p>Improves monitoring and security for Azure and Hybrid connectivity</p>
<h2>Details</h2>
<ul>
<li><strong>Impact:</strong> Medium</li>
<li><strong>WAF Pillar:</strong> Reliability</li>
<li><strong>Control:</strong> Monitoring And Alerting</li>
<li><strong>Potential Benefit:</strong> Improves monitoring and security for Azure connectivity</li>
<li><strong>Source:</strong> APRL</li>
<li><strong>APRL Guid:</strong> 06b77be9-56a3-4d41-b362-8b295c5a283d</li>
</ul>
<h2>Learn More</h2>
<p><a href=""https://learn.microsoft.com/azure/network-watcher/vnet-flow-logs-overview"">https://learn.microsoft.com/azure/network-watcher/vnet-flow-logs-overview</a></p>
<h2>Affected Resources (2)</h2>
<table>
<tr><th>#</th><th>Resource Name</th><th>Resource Group</th><th>Location</th><th>Subscription</th></tr>
<tr><td>1</td><td>vnet-btr-demo</td><td>rg-btr-demo</td><td>uksouth</td><td>a4aef89a-cd11-438f-b30a-58e84134ade1</td></tr>
<tr><td>2</td><td>vnet01</td><td>resiliancetestingworkload</td><td>uksouth</td><td>a4aef89a-cd11-438f-b30a-58e84134ade1</td></tr>
</table>
","<ul>
<li>All 2 resource(s) have been remediated for recommendation <strong>Enable Virtual Network Flow Logs</strong></li>
<li>APRL check <code>06b77be9-56a3-4d41-b362-8b295c5a283d</code> passes for all resources</li>
</ul>
<p><strong>Per-resource verification:</strong></p>
<ul>
<li>Resource <strong>vnet-btr-demo</strong> in <code>rg-btr-demo</code> is compliant</li>
<li>Resource <strong>vnet01</strong> in <code>resiliancetestingworkload</code> is compliant</li>
<li>Changes verified via <a href=""https://learn.microsoft.com/azure/network-watcher/vnet-flow-logs-overview"">https://learn.microsoft.com/azure/network-watcher/vnet-flow-logs-overview</a></li>
</ul>","Medium; Reliability; Source:APRL","2","N9GFN-Test-Project","N9GFN-Test-Project\Backlog3"
"Feature","","Virtualnetworks","","","<h1>Virtualnetworks (microsoft.network/virtualnetworks)</h1>
<h2>Overview</h2>
<p>Recommendations for <strong>microsoft.network/virtualnetworks</strong> resources within the <strong>Networking</strong> domain.</p>
<h2>Scope</h2>
<ul>
<li><strong>Recommendations:</strong> 1</li>
<li><strong>Affected Resources:</strong> 2</li>
<li><strong>Resource Groups:</strong> resiliancetestingworkload, rg-btr-demo</li>
<li><strong>Subscriptions:</strong> a4aef89a-cd11-438f-b30a-58e84134ade1</li>
<li><strong>Regions:</strong> uksouth</li>
</ul>
<h2>Impact Breakdown</h2>
<ul>
<li><strong>Medium:</strong> 1</li>
</ul>
<h2>Recommendations</h2>
<ol>
<li><strong>Use NAT gateway for outbound connectivity</strong> [Medium]
<ul>
<li><strong>Control:</strong> High Availability</li>
<li><strong>Benefit:</strong> </li>
<li><strong>Affected Resources:</strong> 2</li>
</ul>
</li>
</ol>
","<p>All recommendations for <strong>microsoft.network/virtualnetworks</strong> are completed. Resources validated against APRL checks.</p>
<p><strong>Recommendations to complete:</strong></p>
<ul>
<li>Use NAT gateway for outbound connectivity [Medium] &mdash; 2 resource(s)</li>
</ul>","microsoft.network/virtualnetworks; Networking","2","N9GFN-Test-Project","N9GFN-Test-Project\Backlog3"
"User Story","","","Virtualnetworks - Recommendations","","<h1>Virtualnetworks - Recommendations</h1>
<h2>Overview</h2>
<p>Consolidated APRL recommendations for <strong>microsoft.network/virtualnetworks</strong> resources.</p>
<ul>
<li><strong>Impact:</strong> Medium</li>
<li><strong>WAF Pillars:</strong> Reliability</li>
<li><strong>Recommendations:</strong> 1</li>
<li><strong>Affected Resources:</strong> 2</li>
<li><strong>Source:</strong> APRL & Advisor</li>
</ul>
<h2>Recommendations Summary</h2>
<table>
<tr><th>#</th><th>Recommendation</th><th>Impact</th><th>WAF Pillar</th><th>Affected Resources</th></tr>
<tr><td>1</td><td>Use NAT gateway for outbound connectivity</td><td>Medium</td><td>Reliability</td><td>2</td></tr>
</table>
","<ul>
<li>All 1 recommendation(s) have been implemented</li>
<li>All 2 affected resource(s) pass APRL compliance checks</li>
</ul>
<p><strong>Per-recommendation verification:</strong></p>
<ul>
<li><strong>Use NAT gateway for outbound connectivity</strong> [Medium] &mdash; 2 resource(s) remediated (GUID: <code>56f0c458-521d-4b8b-a704-c0a099483d19</code>)</li>
</ul>","Medium; Reliability; Azure Service; Source:APRL & Advisor","2","N9GFN-Test-Project","N9GFN-Test-Project\Backlog3"
"Task","","","","Use NAT gateway for outbound connectivity","<h1>Use NAT gateway for outbound connectivity</h1>
<h2>Recommendation</h2>
<p>No detailed description available.</p>
<h2>Details</h2>
<ul>
<li><strong>Impact:</strong> Medium</li>
<li><strong>WAF Pillar:</strong> Reliability</li>
<li><strong>Control:</strong> High Availability</li>
<li><strong>Potential Benefit:</strong> N/A</li>
<li><strong>Source:</strong> ADVISOR</li>
<li><strong>APRL Guid:</strong> 56f0c458-521d-4b8b-a704-c0a099483d19</li>
</ul>
<h2>Affected Resources (2)</h2>
<table>
<tr><th>#</th><th>Resource Name</th><th>Resource Group</th><th>Location</th><th>Subscription</th></tr>
<tr><td>1</td><td>vnet-btr-demo</td><td>rg-btr-demo</td><td>uksouth</td><td>a4aef89a-cd11-438f-b30a-58e84134ade1</td></tr>
<tr><td>2</td><td>vnet01</td><td>resiliancetestingworkload</td><td>uksouth</td><td>a4aef89a-cd11-438f-b30a-58e84134ade1</td></tr>
</table>
","<ul>
<li>All 2 resource(s) have been remediated for recommendation <strong>Use NAT gateway for outbound connectivity</strong></li>
<li>APRL check <code>56f0c458-521d-4b8b-a704-c0a099483d19</code> passes for all resources</li>
</ul>
<p><strong>Per-resource verification:</strong></p>
<ul>
<li>Resource <strong>vnet-btr-demo</strong> in <code>rg-btr-demo</code> is compliant</li>
<li>Resource <strong>vnet01</strong> in <code>resiliancetestingworkload</code> is compliant</li>
<li>Source: <strong>ADVISOR</strong></li>
</ul>","Medium; Reliability; Source:ADVISOR","2","N9GFN-Test-Project","N9GFN-Test-Project\Backlog3"
"Epic","Observability","","","","<h1>Observability</h1>
<h2>Overview</h2>
<p>Monitoring, logging, and diagnostics resources</p>
<p><strong>WAF Pillars:</strong> Reliability</p>
<h2>Scope</h2>
<ul>
<li><strong>Total Features:</strong> 2</li>
<li><strong>Total Recommendations:</strong> 2</li>
<li><strong>Total Affected Resources:</strong> 6</li>
<li><strong>Subscriptions:</strong> a4aef89a-cd11-438f-b30a-58e84134ade1</li>
</ul>
<h2>Impact Summary</h2>
<ul>
<li><strong>Medium:</strong> 2 recommendation(s)</li>
<li><strong>Low:</strong> 1 recommendation(s)</li>
</ul>
<h2>Features</h2>
<ul>
<li><strong>Workspaces</strong> (microsoft.operationalinsights/workspaces) &mdash; 4 resource(s), 1 recommendation(s)</li>
<li><strong>Components</strong> (microsoft.insights/components) &mdash; 2 resource(s), 1 recommendation(s)</li>
</ul>
","<p>All Features within this Epic are completed and verified.</p>
<p><strong>Features to complete:</strong></p>
<ul>
<li>Workspaces (microsoft.operationalinsights/workspaces) &mdash; 1 recommendation(s), 2 resource(s)</li>
<li>Components (microsoft.insights/components) &mdash; 1 recommendation(s), 1 resource(s)</li>
</ul>","Reliability; Observability","2","N9GFN-Test-Project","N9GFN-Test-Project\Backlog3"
"Feature","","Workspaces","","","<h1>Workspaces (microsoft.operationalinsights/workspaces)</h1>
<h2>Overview</h2>
<p>Recommendations for <strong>microsoft.operationalinsights/workspaces</strong> resources within the <strong>Observability</strong> domain.</p>
<h2>Scope</h2>
<ul>
<li><strong>Recommendations:</strong> 2</li>
<li><strong>Affected Resources:</strong> 4</li>
<li><strong>Resource Groups:</strong> defaultresourcegroup-suk, defaultresourcegroup-weu, resiliancetestingworkload, rg-m2c-demo</li>
<li><strong>Subscriptions:</strong> a4aef89a-cd11-438f-b30a-58e84134ade1</li>
<li><strong>Regions:</strong> eastus, swedencentral, uksouth, westeurope</li>
</ul>
<h2>Impact Breakdown</h2>
<ul>
<li><strong>Medium:</strong> 1</li>
<li><strong>Low:</strong> 1</li>
</ul>
<h2>Recommendations</h2>
<ol>
<li><strong>Enable Log Analytics data export to GRS or GZRS</strong> [Medium]
<ul>
<li><strong>Control:</strong> Other Best Practices</li>
<li><strong>Benefit:</strong> Enhances compliance and regional fault tolerance</li>
<li><strong>Affected Resources:</strong> 4</li>
</ul>
</li>
<li><strong>Create a health status alert rule for your Log Analytics workspace</strong> [Low]
<ul>
<li><strong>Control:</strong> Monitoring And Alerting</li>
<li><strong>Benefit:</strong> Early alert for workspace failure</li>
<li><strong>Affected Resources:</strong> 4</li>
</ul>
</li>
</ol>
","<p>All recommendations for <strong>microsoft.operationalinsights/workspaces</strong> are completed. Resources validated against APRL checks.</p>
<p><strong>Recommendations to complete:</strong></p>
<ul>
<li>Enable Log Analytics data export to GRS or GZRS [Medium] &mdash; 4 resource(s)</li>
<li>Create a health status alert rule for your Log Analytics workspace [Low] &mdash; 4 resource(s)</li>
</ul>","microsoft.operationalinsights/workspaces; Observability","2","N9GFN-Test-Project","N9GFN-Test-Project\Backlog3"
"User Story","","","Workspaces - Recommendations","","<h1>Workspaces - Recommendations</h1>
<h2>Overview</h2>
<p>Consolidated APRL recommendations for <strong>microsoft.operationalinsights/workspaces</strong> resources.</p>
<ul>
<li><strong>Impact:</strong> Medium</li>
<li><strong>WAF Pillars:</strong> Reliability</li>
<li><strong>Recommendations:</strong> 2</li>
<li><strong>Affected Resources:</strong> 4</li>
<li><strong>Source:</strong> APRL</li>
</ul>
<h2>Recommendations Summary</h2>
<table>
<tr><th>#</th><th>Recommendation</th><th>Impact</th><th>WAF Pillar</th><th>Affected Resources</th></tr>
<tr><td>1</td><td>Enable Log Analytics data export to GRS or GZRS</td><td>Medium</td><td>Reliability</td><td>4</td></tr>
<tr><td>2</td><td>Create a health status alert rule for your Log Analytics workspace</td><td>Low</td><td>Reliability</td><td>4</td></tr>
</table>
","<ul>
<li>All 2 recommendation(s) have been implemented</li>
<li>All 4 affected resource(s) pass APRL compliance checks</li>
</ul>
<p><strong>Per-recommendation verification:</strong></p>
<ul>
<li><strong>Enable Log Analytics data export to GRS or GZRS</strong> [Medium] &mdash; 4 resource(s) remediated (GUID: <code>b36fd2ac-dd83-664a-ab48-ff7b8d3b189d</code>)</li>
<li><strong>Create a health status alert rule for your Log Analytics workspace</strong> [Low] &mdash; 4 resource(s) remediated (GUID: <code>4b77191c-cc3c-8c4e-844b-0f56d0927890</code>)</li>
</ul>","Medium; Reliability; Azure Service; Source:APRL","2","N9GFN-Test-Project","N9GFN-Test-Project\Backlog3"
"Task","","","","Enable Log Analytics data export to GRS or GZRS","<h1>Enable Log Analytics data export to GRS or GZRS</h1>
<h2>Recommendation</h2>
<p>Data export in a Log Analytics workspace to an Azure Storage account enhances data protection against regional failures by using geo-redundant (GRS) or geo-zone-redundant storage (GZRS), mainly for compliance and integration with other Azure services and tools.</p>
<h2>Details</h2>
<ul>
<li><strong>Impact:</strong> Medium</li>
<li><strong>WAF Pillar:</strong> Reliability</li>
<li><strong>Control:</strong> Other Best Practices</li>
<li><strong>Potential Benefit:</strong> Enhances compliance and regional fault tolerance</li>
<li><strong>Source:</strong> APRL</li>
<li><strong>APRL Guid:</strong> b36fd2ac-dd83-664a-ab48-ff7b8d3b189d</li>
</ul>
<h2>Learn More</h2>
<p><a href=""https://learn.microsoft.com/azure/azure-monitor/logs/logs-data-export"">https://learn.microsoft.com/azure/azure-monitor/logs/logs-data-export</a></p>
<h2>Affected Resources (4)</h2>
<table>
<tr><th>#</th><th>Resource Name</th><th>Resource Group</th><th>Location</th><th>Subscription</th></tr>
<tr><td>1</td><td>DefaultWorkspace-a4aef89a-cd11-438f-b30a-58e84134ade1-WEU</td><td>defaultresourcegroup-weu</td><td>westeurope</td><td>a4aef89a-cd11-438f-b30a-58e84134ade1</td></tr>
<tr><td>2</td><td>DefaultWorkspace-a4aef89a-cd11-438f-b30a-58e84134ade1-SUK</td><td>defaultresourcegroup-suk</td><td>uksouth</td><td>a4aef89a-cd11-438f-b30a-58e84134ade1</td></tr>
<tr><td>3</td><td>workspacetx2r6ifsscane</td><td>resiliancetestingworkload</td><td>swedencentral</td><td>a4aef89a-cd11-438f-b30a-58e84134ade1</td></tr>
<tr><td>4</td><td>m2c-law-4sac2i6ziq5kc</td><td>rg-m2c-demo</td><td>eastus</td><td>a4aef89a-cd11-438f-b30a-58e84134ade1</td></tr>
</table>
","<ul>
<li>All 4 resource(s) have been remediated for recommendation <strong>Enable Log Analytics data export to GRS or GZRS</strong></li>
<li>APRL check <code>b36fd2ac-dd83-664a-ab48-ff7b8d3b189d</code> passes for all resources</li>
</ul>
<p><strong>Per-resource verification:</strong></p>
<ul>
<li>Resource <strong>DefaultWorkspace-a4aef89a-cd11-438f-b30a-58e84134ade1-WEU</strong> in <code>defaultresourcegroup-weu</code> is compliant</li>
<li>Resource <strong>DefaultWorkspace-a4aef89a-cd11-438f-b30a-58e84134ade1-SUK</strong> in <code>defaultresourcegroup-suk</code> is compliant</li>
<li>Resource <strong>workspacetx2r6ifsscane</strong> in <code>resiliancetestingworkload</code> is compliant</li>
<li>Resource <strong>m2c-law-4sac2i6ziq5kc</strong> in <code>rg-m2c-demo</code> is compliant</li>
<li>Changes verified via <a href=""https://learn.microsoft.com/azure/azure-monitor/logs/logs-data-export"">https://learn.microsoft.com/azure/azure-monitor/logs/logs-data-export</a></li>
</ul>","Medium; Reliability; Source:APRL","2","N9GFN-Test-Project","N9GFN-Test-Project\Backlog3"
"Task","","","","Create a health status alert rule for your Log Analytics workspace","<h1>Create a health status alert rule for your Log Analytics workspace</h1>
<h2>Recommendation</h2>
<p>A health status alert will proactively notify you if a workspace becomes unavailable because of a datacenter or regional failure.</p>
<h2>Details</h2>
<ul>
<li><strong>Impact:</strong> Low</li>
<li><strong>WAF Pillar:</strong> Reliability</li>
<li><strong>Control:</strong> Monitoring And Alerting</li>
<li><strong>Potential Benefit:</strong> Early alert for workspace failure</li>
<li><strong>Source:</strong> APRL</li>
<li><strong>APRL Guid:</strong> 4b77191c-cc3c-8c4e-844b-0f56d0927890</li>
</ul>
<h2>Learn More</h2>
<p><a href=""https://learn.microsoft.com/azure/azure-monitor/logs/log-analytics-workspace-health"">https://learn.microsoft.com/azure/azure-monitor/logs/log-analytics-workspace-health</a></p>
<h2>Affected Resources (4)</h2>
<table>
<tr><th>#</th><th>Resource Name</th><th>Resource Group</th><th>Location</th><th>Subscription</th></tr>
<tr><td>1</td><td>DefaultWorkspace-a4aef89a-cd11-438f-b30a-58e84134ade1-WEU</td><td>defaultresourcegroup-weu</td><td>westeurope</td><td>a4aef89a-cd11-438f-b30a-58e84134ade1</td></tr>
<tr><td>2</td><td>DefaultWorkspace-a4aef89a-cd11-438f-b30a-58e84134ade1-SUK</td><td>defaultresourcegroup-suk</td><td>uksouth</td><td>a4aef89a-cd11-438f-b30a-58e84134ade1</td></tr>
<tr><td>3</td><td>workspacetx2r6ifsscane</td><td>resiliancetestingworkload</td><td>swedencentral</td><td>a4aef89a-cd11-438f-b30a-58e84134ade1</td></tr>
<tr><td>4</td><td>m2c-law-4sac2i6ziq5kc</td><td>rg-m2c-demo</td><td>eastus</td><td>a4aef89a-cd11-438f-b30a-58e84134ade1</td></tr>
</table>
","<ul>
<li>All 4 resource(s) have been remediated for recommendation <strong>Create a health status alert rule for your Log Analytics workspace</strong></li>
<li>APRL check <code>4b77191c-cc3c-8c4e-844b-0f56d0927890</code> passes for all resources</li>
</ul>
<p><strong>Per-resource verification:</strong></p>
<ul>
<li>Resource <strong>DefaultWorkspace-a4aef89a-cd11-438f-b30a-58e84134ade1-WEU</strong> in <code>defaultresourcegroup-weu</code> is compliant</li>
<li>Resource <strong>DefaultWorkspace-a4aef89a-cd11-438f-b30a-58e84134ade1-SUK</strong> in <code>defaultresourcegroup-suk</code> is compliant</li>
<li>Resource <strong>workspacetx2r6ifsscane</strong> in <code>resiliancetestingworkload</code> is compliant</li>
<li>Resource <strong>m2c-law-4sac2i6ziq5kc</strong> in <code>rg-m2c-demo</code> is compliant</li>
<li>Changes verified via <a href=""https://learn.microsoft.com/azure/azure-monitor/logs/log-analytics-workspace-health"">https://learn.microsoft.com/azure/azure-monitor/logs/log-analytics-workspace-health</a></li>
</ul>","Low; Reliability; Source:APRL","3","N9GFN-Test-Project","N9GFN-Test-Project\Backlog3"
"Feature","","Components","","","<h1>Components (microsoft.insights/components)</h1>
<h2>Overview</h2>
<p>Recommendations for <strong>microsoft.insights/components</strong> resources within the <strong>Observability</strong> domain.</p>
<h2>Scope</h2>
<ul>
<li><strong>Recommendations:</strong> 1</li>
<li><strong>Affected Resources:</strong> 2</li>
<li><strong>Resource Groups:</strong> resiliancetestingworkload, rg-m2c-demo</li>
<li><strong>Subscriptions:</strong> a4aef89a-cd11-438f-b30a-58e84134ade1</li>
<li><strong>Regions:</strong> eastus, swedencentral</li>
</ul>
<h2>Impact Breakdown</h2>
<ul>
<li><strong>Medium:</strong> 1</li>
</ul>
<h2>Recommendations</h2>
<ol>
<li><strong>Migrate from Application Insights instrumentation keys to connection strings</strong> [Medium]
<ul>
<li><strong>Control:</strong> Service Upgrade And Retirement</li>
<li><strong>Benefit:</strong> Reliable telemetry ingestion</li>
<li><strong>Affected Resources:</strong> 2</li>
</ul>
</li>
</ol>
","<p>All recommendations for <strong>microsoft.insights/components</strong> are completed. Resources validated against APRL checks.</p>
<p><strong>Recommendations to complete:</strong></p>
<ul>
<li>Migrate from Application Insights instrumentation keys to connection strings [Medium] &mdash; 2 resource(s)</li>
</ul>","microsoft.insights/components; Observability","2","N9GFN-Test-Project","N9GFN-Test-Project\Backlog3"
"User Story","","","Components - Recommendations","","<h1>Components - Recommendations</h1>
<h2>Overview</h2>
<p>Consolidated APRL recommendations for <strong>microsoft.insights/components</strong> resources.</p>
<ul>
<li><strong>Impact:</strong> Medium</li>
<li><strong>WAF Pillars:</strong> Reliability</li>
<li><strong>Recommendations:</strong> 1</li>
<li><strong>Affected Resources:</strong> 2</li>
<li><strong>Source:</strong> APRL</li>
</ul>
<h2>Recommendations Summary</h2>
<table>
<tr><th>#</th><th>Recommendation</th><th>Impact</th><th>WAF Pillar</th><th>Affected Resources</th></tr>
<tr><td>1</td><td>Migrate from Application Insights instrumentation keys to connection strings</td><td>Medium</td><td>Reliability</td><td>2</td></tr>
</table>
","<ul>
<li>All 1 recommendation(s) have been implemented</li>
<li>All 2 affected resource(s) pass APRL compliance checks</li>
</ul>
<p><strong>Per-recommendation verification:</strong></p>
<ul>
<li><strong>Migrate from Application Insights instrumentation keys to connection strings</strong> [Medium] &mdash; 2 resource(s) remediated (GUID: <code>092f5c85-bffb-48b0-b85d-d543c6b54800</code>)</li>
</ul>","Medium; Reliability; Azure Service; Source:APRL","2","N9GFN-Test-Project","N9GFN-Test-Project\Backlog3"
"Task","","","","Migrate from Application Insights instrumentation keys to connection strings","<h1>Migrate from Application Insights instrumentation keys to connection strings</h1>
<h2>Recommendation</h2>
<p>Application Insights is changing from global ingestion endpoints to regional endpoints that use connection strings. Connection strings make telemetry ingestion more reliable by removing dependencies on global ingestion endpoints. Transition to connection string-based ingestion before 31 March 2025.</p>
<h2>Details</h2>
<ul>
<li><strong>Impact:</strong> Medium</li>
<li><strong>WAF Pillar:</strong> Reliability</li>
<li><strong>Control:</strong> Service Upgrade And Retirement</li>
<li><strong>Potential Benefit:</strong> Reliable telemetry ingestion</li>
<li><strong>Source:</strong> APRL</li>
<li><strong>APRL Guid:</strong> 092f5c85-bffb-48b0-b85d-d543c6b54800</li>
</ul>
<h2>Learn More</h2>
<p><a href=""https://learn.microsoft.com/azure/azure-monitor/app/migrate-from-instrumentation-keys-to-connection-strings"">https://learn.microsoft.com/azure/azure-monitor/app/migrate-from-instrumentation-keys-to-connection-strings</a></p>
<h2>Affected Resources (2)</h2>
<table>
<tr><th>#</th><th>Resource Name</th><th>Resource Group</th><th>Location</th><th>Subscription</th></tr>
<tr><td>1</td><td>sretest-dc5186d9-9bfc-app-insights</td><td>resiliancetestingworkload</td><td>swedencentral</td><td>a4aef89a-cd11-438f-b30a-58e84134ade1</td></tr>
<tr><td>2</td><td>m2c-appi</td><td>rg-m2c-demo</td><td>eastus</td><td>a4aef89a-cd11-438f-b30a-58e84134ade1</td></tr>
</table>
","<ul>
<li>All 2 resource(s) have been remediated for recommendation <strong>Migrate from Application Insights instrumentation keys to connection strings</strong></li>
<li>APRL check <code>092f5c85-bffb-48b0-b85d-d543c6b54800</code> passes for all resources</li>
</ul>
<p><strong>Per-resource verification:</strong></p>
<ul>
<li>Resource <strong>sretest-dc5186d9-9bfc-app-insights</strong> in <code>resiliancetestingworkload</code> is compliant</li>
<li>Resource <strong>m2c-appi</strong> in <code>rg-m2c-demo</code> is compliant</li>
<li>Changes verified via <a href=""https://learn.microsoft.com/azure/azure-monitor/app/migrate-from-instrumentation-keys-to-connection-strings"">https://learn.microsoft.com/azure/azure-monitor/app/migrate-from-instrumentation-keys-to-connection-strings</a></li>
</ul>","Medium; Reliability; Source:APRL","2","N9GFN-Test-Project","N9GFN-Test-Project\Backlog3"
"Epic","Platform","","","","<h1>Platform</h1>
<h2>Overview</h2>
<p>Core platform services — identity, secrets, governance</p>
<p><strong>WAF Pillars:</strong> Reliability</p>
<h2>Scope</h2>
<ul>
<li><strong>Total Features:</strong> 4</li>
<li><strong>Total Recommendations:</strong> 4</li>
<li><strong>Total Affected Resources:</strong> 5</li>
<li><strong>Subscriptions:</strong> a4aef89a-cd11-438f-b30a-58e84134ade1</li>
</ul>
<h2>Impact Summary</h2>
<ul>
<li><strong>Medium:</strong> 14 recommendation(s)</li>
<li><strong>Low:</strong> 1 recommendation(s)</li>
<li><strong>High:</strong> 1 recommendation(s)</li>
</ul>
<h2>Features</h2>
<ul>
<li><strong>Systemtopics</strong> (microsoft.eventgrid/systemtopics) &mdash; 3 resource(s), 1 recommendation(s)</li>
<li><strong>Vaults</strong> (Microsoft.KeyVault/vaults) &mdash; 1 resource(s), 1 recommendation(s)</li>
<li><strong>Vaults</strong> (microsoft.keyvault/vaults) &mdash; 1 resource(s), 1 recommendation(s)</li>
<li><strong>Subscriptions</strong> (Microsoft.Subscription/Subscriptions) &mdash; 0 resource(s), 1 recommendation(s)</li>
</ul>
","<p>All Features within this Epic are completed and verified.</p>
<p><strong>Features to complete:</strong></p>
<ul>
<li>Systemtopics (microsoft.eventgrid/systemtopics) &mdash; 1 recommendation(s), 0 resource(s)</li>
<li>Vaults (Microsoft.KeyVault/vaults) &mdash; 1 recommendation(s), 2 resource(s)</li>
<li>Vaults (microsoft.keyvault/vaults) &mdash; 1 recommendation(s), 1 resource(s)</li>
<li>Subscriptions (Microsoft.Subscription/Subscriptions) &mdash; 1 recommendation(s), 13 resource(s)</li>
</ul>","Reliability; Platform","2","N9GFN-Test-Project","N9GFN-Test-Project\Backlog3"
"Feature","","Systemtopics","","","<h1>Systemtopics (microsoft.eventgrid/systemtopics)</h1>
<h2>Overview</h2>
<p>Recommendations for <strong>microsoft.eventgrid/systemtopics</strong> resources within the <strong>Platform</strong> domain.</p>
<h2>Scope</h2>
<ul>
<li><strong>Recommendations:</strong> 0</li>
<li><strong>Affected Resources:</strong> 3</li>
<li><strong>Resource Groups:</strong> mcapsgovernance, rg-btr-demo, rg-btr-tfstate</li>
<li><strong>Subscriptions:</strong> a4aef89a-cd11-438f-b30a-58e84134ade1</li>
<li><strong>Regions:</strong> N/A</li>
</ul>
<h2>Impact Breakdown</h2>
<ul>
</ul>
<h2>Recommendations</h2>
<ol>
</ol>
","<p>All recommendations for <strong>microsoft.eventgrid/systemtopics</strong> are completed. Resources validated against APRL checks.</p>","microsoft.eventgrid/systemtopics; Platform","3","N9GFN-Test-Project","N9GFN-Test-Project\Backlog3"
"User Story","","","Systemtopics - Recommendations","","<h1>Systemtopics - Recommendations</h1>
<h2>Overview</h2>
<p>Consolidated APRL recommendations for <strong>microsoft.eventgrid/systemtopics</strong> resources.</p>
<ul>
<li><strong>Impact:</strong> Low</li>
<li><strong>WAF Pillars:</strong> N/A</li>
<li><strong>Recommendations:</strong> 0</li>
<li><strong>Affected Resources:</strong> 3</li>
<li><strong>Source:</strong> APRL</li>
</ul>
<h2>Recommendations Summary</h2>
<table>
<tr><th>#</th><th>Recommendation</th><th>Impact</th><th>WAF Pillar</th><th>Affected Resources</th></tr>
</table>
","<ul>
<li>All 0 recommendation(s) have been implemented</li>
<li>All 3 affected resource(s) pass APRL compliance checks</li>
</ul>","Low; Source:APRL","3","N9GFN-Test-Project","N9GFN-Test-Project\Backlog3"
"Feature","","Vaults","","","<h1>Vaults (Microsoft.KeyVault/vaults)</h1>
<h2>Overview</h2>
<p>Recommendations for <strong>Microsoft.KeyVault/vaults</strong> resources within the <strong>Platform</strong> domain.</p>
<h2>Scope</h2>
<ul>
<li><strong>Recommendations:</strong> 2</li>
<li><strong>Affected Resources:</strong> 1</li>
<li><strong>Resource Groups:</strong> rg-btr-demo</li>
<li><strong>Subscriptions:</strong> a4aef89a-cd11-438f-b30a-58e84134ade1</li>
<li><strong>Regions:</strong> uksouth</li>
</ul>
<h2>Impact Breakdown</h2>
<ul>
<li><strong>Medium:</strong> 1</li>
<li><strong>Low:</strong> 1</li>
</ul>
<h2>Recommendations</h2>
<ol>
<li><strong>Key vaults should have purge protection enabled</strong> [Medium]
<ul>
<li><strong>Control:</strong> Disaster Recovery</li>
<li><strong>Benefit:</strong> Protects from insider attacks, avoids data loss</li>
<li><strong>Affected Resources:</strong> 1</li>
</ul>
</li>
<li><strong>Diagnostic logs in Key Vault should be enabled</strong> [Low]
<ul>
<li><strong>Control:</strong> Monitoring And Alerting</li>
<li><strong>Benefit:</strong> Enhanced monitoring and security compliance</li>
<li><strong>Affected Resources:</strong> 1</li>
</ul>
</li>
</ol>
","<p>All recommendations for <strong>Microsoft.KeyVault/vaults</strong> are completed. Resources validated against APRL checks.</p>
<p><strong>Recommendations to complete:</strong></p>
<ul>
<li>Key vaults should have purge protection enabled [Medium] &mdash; 1 resource(s)</li>
<li>Diagnostic logs in Key Vault should be enabled [Low] &mdash; 1 resource(s)</li>
</ul>","Microsoft.KeyVault/vaults; Platform","2","N9GFN-Test-Project","N9GFN-Test-Project\Backlog3"
"User Story","","","Vaults - Recommendations","","<h1>Vaults - Recommendations</h1>
<h2>Overview</h2>
<p>Consolidated APRL recommendations for <strong>Microsoft.KeyVault/vaults</strong> resources.</p>
<ul>
<li><strong>Impact:</strong> Medium</li>
<li><strong>WAF Pillars:</strong> Reliability</li>
<li><strong>Recommendations:</strong> 2</li>
<li><strong>Affected Resources:</strong> 1</li>
<li><strong>Source:</strong> APRL</li>
</ul>
<h2>Recommendations Summary</h2>
<table>
<tr><th>#</th><th>Recommendation</th><th>Impact</th><th>WAF Pillar</th><th>Affected Resources</th></tr>
<tr><td>1</td><td>Key vaults should have purge protection enabled</td><td>Medium</td><td>Reliability</td><td>1</td></tr>
<tr><td>2</td><td>Diagnostic logs in Key Vault should be enabled</td><td>Low</td><td>Reliability</td><td>1</td></tr>
</table>
","<ul>
<li>All 2 recommendation(s) have been implemented</li>
<li>All 1 affected resource(s) pass APRL compliance checks</li>
</ul>
<p><strong>Per-recommendation verification:</strong></p>
<ul>
<li><strong>Key vaults should have purge protection enabled</strong> [Medium] &mdash; 1 resource(s) remediated (GUID: <code>70fcfe6d-00e9-5544-a63a-fff42b9f2edb</code>)</li>
<li><strong>Diagnostic logs in Key Vault should be enabled</strong> [Low] &mdash; 1 resource(s) remediated (GUID: <code>1dc0821d-4f14-7644-bab4-ba208ff5f7fa</code>)</li>
</ul>","Medium; Reliability; Azure Service; Source:APRL","2","N9GFN-Test-Project","N9GFN-Test-Project\Backlog3"
"Task","","","","Key vaults should have purge protection enabled","<h1>Key vaults should have purge protection enabled</h1>
<h2>Recommendation</h2>
<p>Purge protection secures against malicious deletions by enforcing a retention period for soft deleted key vaults, ensuring no one, not even insiders or Microsoft, can purge your key vaults during this period, preventing permanent data loss.</p>
<h2>Details</h2>
<ul>
<li><strong>Impact:</strong> Medium</li>
<li><strong>WAF Pillar:</strong> Reliability</li>
<li><strong>Control:</strong> Disaster Recovery</li>
<li><strong>Potential Benefit:</strong> Protects from insider attacks, avoids data loss</li>
<li><strong>Source:</strong> APRL</li>
<li><strong>APRL Guid:</strong> 70fcfe6d-00e9-5544-a63a-fff42b9f2edb</li>
</ul>
<h2>Learn More</h2>
<p><a href=""https://learn.microsoft.com/azure/key-vault/general/soft-delete-overview#purge-protection"">https://learn.microsoft.com/azure/key-vault/general/soft-delete-overview#purge-protection</a></p>
<h2>Affected Resources (1)</h2>
<table>
<tr><th>#</th><th>Resource Name</th><th>Resource Group</th><th>Location</th><th>Subscription</th></tr>
<tr><td>1</td><td>kv-btr-demo-jfh3g0</td><td>rg-btr-demo</td><td>uksouth</td><td>a4aef89a-cd11-438f-b30a-58e84134ade1</td></tr>
</table>
","<ul>
<li>All 1 resource(s) have been remediated for recommendation <strong>Key vaults should have purge protection enabled</strong></li>
<li>APRL check <code>70fcfe6d-00e9-5544-a63a-fff42b9f2edb</code> passes for all resources</li>
</ul>
<p><strong>Per-resource verification:</strong></p>
<ul>
<li>Resource <strong>kv-btr-demo-jfh3g0</strong> in <code>rg-btr-demo</code> is compliant</li>
<li>Changes verified via <a href=""https://learn.microsoft.com/azure/key-vault/general/soft-delete-overview#purge-protection"">https://learn.microsoft.com/azure/key-vault/general/soft-delete-overview#purge-protection</a></li>
</ul>","Medium; Reliability; Source:APRL","2","N9GFN-Test-Project","N9GFN-Test-Project\Backlog3"
"Task","","","","Diagnostic logs in Key Vault should be enabled","<h1>Diagnostic logs in Key Vault should be enabled</h1>
<h2>Recommendation</h2>
<p>Enable logs, set up alerts, and adhere to retention requirements for improved monitoring and security of Key Vault access, detailing the frequency and identity of users.</p>
<h2>Details</h2>
<ul>
<li><strong>Impact:</strong> Low</li>
<li><strong>WAF Pillar:</strong> Reliability</li>
<li><strong>Control:</strong> Monitoring And Alerting</li>
<li><strong>Potential Benefit:</strong> Enhanced monitoring and security compliance</li>
<li><strong>Source:</strong> APRL</li>
<li><strong>APRL Guid:</strong> 1dc0821d-4f14-7644-bab4-ba208ff5f7fa</li>
</ul>
<h2>Learn More</h2>
<p><a href=""https://learn.microsoft.com/azure/key-vault/general/logging?tabs=Vault"">https://learn.microsoft.com/azure/key-vault/general/logging?tabs=Vault</a></p>
<h2>Affected Resources (1)</h2>
<table>
<tr><th>#</th><th>Resource Name</th><th>Resource Group</th><th>Location</th><th>Subscription</th></tr>
<tr><td>1</td><td>kv-btr-demo-jfh3g0</td><td>rg-btr-demo</td><td>uksouth</td><td>a4aef89a-cd11-438f-b30a-58e84134ade1</td></tr>
</table>
","<ul>
<li>All 1 resource(s) have been remediated for recommendation <strong>Diagnostic logs in Key Vault should be enabled</strong></li>
<li>APRL check <code>1dc0821d-4f14-7644-bab4-ba208ff5f7fa</code> passes for all resources</li>
</ul>
<p><strong>Per-resource verification:</strong></p>
<ul>
<li>Resource <strong>kv-btr-demo-jfh3g0</strong> in <code>rg-btr-demo</code> is compliant</li>
<li>Changes verified via <a href=""https://learn.microsoft.com/azure/key-vault/general/logging?tabs=Vault"">https://learn.microsoft.com/azure/key-vault/general/logging?tabs=Vault</a></li>
</ul>","Low; Reliability; Source:APRL","3","N9GFN-Test-Project","N9GFN-Test-Project\Backlog3"
"Feature","","Vaults","","","<h1>Vaults (microsoft.keyvault/vaults)</h1>
<h2>Overview</h2>
<p>Recommendations for <strong>microsoft.keyvault/vaults</strong> resources within the <strong>Platform</strong> domain.</p>
<h2>Scope</h2>
<ul>
<li><strong>Recommendations:</strong> 1</li>
<li><strong>Affected Resources:</strong> 1</li>
<li><strong>Resource Groups:</strong> rg-btr-demo</li>
<li><strong>Subscriptions:</strong> a4aef89a-cd11-438f-b30a-58e84134ade1</li>
<li><strong>Regions:</strong> uksouth</li>
</ul>
<h2>Impact Breakdown</h2>
<ul>
<li><strong>High:</strong> 1</li>
</ul>
<h2>Recommendations</h2>
<ol>
<li><strong>Azure Key Vault API versions prior to 2026-02-01 are being retired</strong> [High]
<ul>
<li><strong>Control:</strong> High Availability</li>
<li><strong>Benefit:</strong> </li>
<li><strong>Affected Resources:</strong> 1</li>
</ul>
</li>
</ol>
","<p>All recommendations for <strong>microsoft.keyvault/vaults</strong> are completed. Resources validated against APRL checks.</p>
<p><strong>Recommendations to complete:</strong></p>
<ul>
<li>Azure Key Vault API versions prior to 2026-02-01 are being retired [High] &mdash; 1 resource(s)</li>
</ul>","microsoft.keyvault/vaults; Platform","1","N9GFN-Test-Project","N9GFN-Test-Project\Backlog3"
"User Story","","","Vaults - Recommendations","","<h1>Vaults - Recommendations</h1>
<h2>Overview</h2>
<p>Consolidated APRL recommendations for <strong>microsoft.keyvault/vaults</strong> resources.</p>
<ul>
<li><strong>Impact:</strong> High</li>
<li><strong>WAF Pillars:</strong> Reliability</li>
<li><strong>Recommendations:</strong> 1</li>
<li><strong>Affected Resources:</strong> 1</li>
<li><strong>Source:</strong> APRL & Advisor</li>
</ul>
<h2>Recommendations Summary</h2>
<table>
<tr><th>#</th><th>Recommendation</th><th>Impact</th><th>WAF Pillar</th><th>Affected Resources</th></tr>
<tr><td>1</td><td>Azure Key Vault API versions prior to 2026-02-01 are being retired</td><td>High</td><td>Reliability</td><td>1</td></tr>
</table>
","<ul>
<li>All 1 recommendation(s) have been implemented</li>
<li>All 1 affected resource(s) pass APRL compliance checks</li>
</ul>
<p><strong>Per-recommendation verification:</strong></p>
<ul>
<li><strong>Azure Key Vault API versions prior to 2026-02-01 are being retired</strong> [High] &mdash; 1 resource(s) remediated (GUID: <code>7ff06874-39e9-41be-9552-fa1ae2a83c88</code>)</li>
</ul>","High; Reliability; Azure Service; Source:APRL & Advisor","1","N9GFN-Test-Project","N9GFN-Test-Project\Backlog3"
"Task","","","","Azure Key Vault API versions prior to 2026-02-01 are being retired","<h1>Azure Key Vault API versions prior to 2026-02-01 are being retired</h1>
<h2>Recommendation</h2>
<p>No detailed description available.</p>
<h2>Details</h2>
<ul>
<li><strong>Impact:</strong> High</li>
<li><strong>WAF Pillar:</strong> Reliability</li>
<li><strong>Control:</strong> High Availability</li>
<li><strong>Potential Benefit:</strong> N/A</li>
<li><strong>Source:</strong> ADVISOR</li>
<li><strong>APRL Guid:</strong> 7ff06874-39e9-41be-9552-fa1ae2a83c88</li>
</ul>
<h2>Affected Resources (1)</h2>
<table>
<tr><th>#</th><th>Resource Name</th><th>Resource Group</th><th>Location</th><th>Subscription</th></tr>
<tr><td>1</td><td>kv-btr-demo-jfh3g0</td><td>rg-btr-demo</td><td>uksouth</td><td>a4aef89a-cd11-438f-b30a-58e84134ade1</td></tr>
</table>
","<ul>
<li>All 1 resource(s) have been remediated for recommendation <strong>Azure Key Vault API versions prior to 2026-02-01 are being retired</strong></li>
<li>APRL check <code>7ff06874-39e9-41be-9552-fa1ae2a83c88</code> passes for all resources</li>
</ul>
<p><strong>Per-resource verification:</strong></p>
<ul>
<li>Resource <strong>kv-btr-demo-jfh3g0</strong> in <code>rg-btr-demo</code> is compliant</li>
<li>Source: <strong>ADVISOR</strong></li>
</ul>","High; Reliability; Source:ADVISOR","1","N9GFN-Test-Project","N9GFN-Test-Project\Backlog3"
"Feature","","Subscriptions","","","<h1>Subscriptions (Microsoft.Subscription/Subscriptions)</h1>
<h2>Overview</h2>
<p>Recommendations for <strong>Microsoft.Subscription/Subscriptions</strong> resources within the <strong>Platform</strong> domain.</p>
<h2>Scope</h2>
<ul>
<li><strong>Recommendations:</strong> 13</li>
<li><strong>Affected Resources:</strong> 0</li>
<li><strong>Resource Groups:</strong> N/A</li>
<li><strong>Subscriptions:</strong> N/A</li>
<li><strong>Regions:</strong> </li>
</ul>
<h2>Impact Breakdown</h2>
<ul>
<li><strong>Medium:</strong> 13</li>
</ul>
<h2>Recommendations</h2>
<ol>
<li><strong>RE:01 Design your workload to align with business objectives</strong> [Medium]
<ul>
<li><strong>Control:</strong> Other Best Practices</li>
<li><strong>Benefit:</strong> Meet business requirements</li>
<li><strong>Affected Resources:</strong> 1</li>
</ul>
</li>
<li><strong>RE:02 Identify and rate user and system flows</strong> [Medium]
<ul>
<li><strong>Control:</strong> High Availability</li>
<li><strong>Benefit:</strong> Align architecture with reliability goals</li>
<li><strong>Affected Resources:</strong> 1</li>
</ul>
</li>
<li><strong>RE:03 Use failure mode analysis to identify and prioritize potential failures</strong> [Medium]
<ul>
<li><strong>Control:</strong> Other Best Practices</li>
<li><strong>Benefit:</strong> Reduce risk of unpredicted behavior</li>
<li><strong>Affected Resources:</strong> 1</li>
</ul>
</li>
<li><strong>RE:04 Define reliability and recovery targets</strong> [Medium]
<ul>
<li><strong>Control:</strong> High Availability</li>
<li><strong>Benefit:</strong> Communicate reliability expectations with stakeholders</li>
<li><strong>Affected Resources:</strong> 1</li>
</ul>
</li>
<li><strong>RE:05 Design for redundancy</strong> [Medium]
<ul>
<li><strong>Control:</strong> High Availability</li>
<li><strong>Benefit:</strong> Optimize for resiliency</li>
<li><strong>Affected Resources:</strong> 1</li>
</ul>
</li>
<li><strong>RE:05 Design for multi-region high availability</strong> [Medium]
<ul>
<li><strong>Control:</strong> High Availability</li>
<li><strong>Benefit:</strong> Minimize downtime from regional outages</li>
<li><strong>Affected Resources:</strong> 1</li>
</ul>
</li>
<li><strong>RE:05 Design for high availability with availability zones</strong> [Medium]
<ul>
<li><strong>Control:</strong> High Availability</li>
<li><strong>Benefit:</strong> Minimize downtime from zonal outages</li>
<li><strong>Affected Resources:</strong> 1</li>
</ul>
</li>
<li><strong>RE:06 Design for data partitioning</strong> [Medium]
<ul>
<li><strong>Control:</strong> High Availability</li>
<li><strong>Benefit:</strong> Improve data estate reliability</li>
<li><strong>Affected Resources:</strong> 1</li>
</ul>
</li>
<li><strong>RE:06 Design for reliable scaling</strong> [Medium]
<ul>
<li><strong>Control:</strong> Scalability</li>
<li><strong>Benefit:</strong> Dynamically handle increased load</li>
<li><strong>Affected Resources:</strong> 1</li>
</ul>
</li>
<li><strong>RE:07 Implement self-preservation and self-healing measures</strong> [Medium]
<ul>
<li><strong>Control:</strong> High Availability</li>
<li><strong>Benefit:</strong> Reduce the likelihood of outages</li>
<li><strong>Affected Resources:</strong> 1</li>
</ul>
</li>
<li><strong>RE:08 Design a reliability testing strategy</strong> [Medium]
<ul>
<li><strong>Control:</strong> Other Best Practices</li>
<li><strong>Benefit:</strong> Validate and optimize workload reliability</li>
<li><strong>Affected Resources:</strong> 1</li>
</ul>
</li>
<li><strong>RE:09 Implement business continuity and disaster recovery plan</strong> [Medium]
<ul>
<li><strong>Control:</strong> Disaster Recovery</li>
<li><strong>Benefit:</strong> Reliable disaster recovery</li>
<li><strong>Affected Resources:</strong> 1</li>
</ul>
</li>
<li><strong>RE:10 Design a reliable monitoring and alerting strategy</strong> [Medium]
<ul>
<li><strong>Control:</strong> Monitoring And Alerting</li>
<li><strong>Benefit:</strong> Observability into workload health</li>
<li><strong>Affected Resources:</strong> 1</li>
</ul>
</li>
</ol>
","<p>All recommendations for <strong>Microsoft.Subscription/Subscriptions</strong> are completed. Resources validated against APRL checks.</p>
<p><strong>Recommendations to complete:</strong></p>
<ul>
<li>RE:01 Design your workload to align with business objectives [Medium] &mdash; 1 resource(s)</li>
<li>RE:02 Identify and rate user and system flows [Medium] &mdash; 1 resource(s)</li>
<li>RE:03 Use failure mode analysis to identify and prioritize potential failures [Medium] &mdash; 1 resource(s)</li>
<li>RE:04 Define reliability and recovery targets [Medium] &mdash; 1 resource(s)</li>
<li>RE:05 Design for redundancy [Medium] &mdash; 1 resource(s)</li>
<li>RE:05 Design for multi-region high availability [Medium] &mdash; 1 resource(s)</li>
<li>RE:05 Design for high availability with availability zones [Medium] &mdash; 1 resource(s)</li>
<li>RE:06 Design for data partitioning [Medium] &mdash; 1 resource(s)</li>
<li>RE:06 Design for reliable scaling [Medium] &mdash; 1 resource(s)</li>
<li>RE:07 Implement self-preservation and self-healing measures [Medium] &mdash; 1 resource(s)</li>
<li>RE:08 Design a reliability testing strategy [Medium] &mdash; 1 resource(s)</li>
<li>RE:09 Implement business continuity and disaster recovery plan [Medium] &mdash; 1 resource(s)</li>
<li>RE:10 Design a reliable monitoring and alerting strategy [Medium] &mdash; 1 resource(s)</li>
</ul>","Microsoft.Subscription/Subscriptions; Platform","2","N9GFN-Test-Project","N9GFN-Test-Project\Backlog3"
"User Story","","","Subscriptions - Recommendations","","<h1>Subscriptions - Recommendations</h1>
<h2>Overview</h2>
<p>Consolidated APRL recommendations for <strong>Microsoft.Subscription/Subscriptions</strong> resources.</p>
<ul>
<li><strong>Impact:</strong> Medium</li>
<li><strong>WAF Pillars:</strong> N/A</li>
<li><strong>Recommendations:</strong> 13</li>
<li><strong>Affected Resources:</strong> 0</li>
<li><strong>Source:</strong> APRL</li>
</ul>
<h2>Recommendations Summary</h2>
<table>
<tr><th>#</th><th>Recommendation</th><th>Impact</th><th>WAF Pillar</th><th>Affected Resources</th></tr>
<tr><td>1</td><td>RE:01 Design your workload to align with business objectives</td><td>Medium</td><td></td><td>1</td></tr>
<tr><td>2</td><td>RE:02 Identify and rate user and system flows</td><td>Medium</td><td></td><td>1</td></tr>
<tr><td>3</td><td>RE:03 Use failure mode analysis to identify and prioritize potential failures</td><td>Medium</td><td></td><td>1</td></tr>
<tr><td>4</td><td>RE:04 Define reliability and recovery targets</td><td>Medium</td><td></td><td>1</td></tr>
<tr><td>5</td><td>RE:05 Design for redundancy</td><td>Medium</td><td></td><td>1</td></tr>
<tr><td>6</td><td>RE:05 Design for multi-region high availability</td><td>Medium</td><td></td><td>1</td></tr>
<tr><td>7</td><td>RE:05 Design for high availability with availability zones</td><td>Medium</td><td></td><td>1</td></tr>
<tr><td>8</td><td>RE:06 Design for data partitioning</td><td>Medium</td><td></td><td>1</td></tr>
<tr><td>9</td><td>RE:06 Design for reliable scaling</td><td>Medium</td><td></td><td>1</td></tr>
<tr><td>10</td><td>RE:07 Implement self-preservation and self-healing measures</td><td>Medium</td><td></td><td>1</td></tr>
<tr><td>11</td><td>RE:08 Design a reliability testing strategy</td><td>Medium</td><td></td><td>1</td></tr>
<tr><td>12</td><td>RE:09 Implement business continuity and disaster recovery plan</td><td>Medium</td><td></td><td>1</td></tr>
<tr><td>13</td><td>RE:10 Design a reliable monitoring and alerting strategy</td><td>Medium</td><td></td><td>1</td></tr>
</table>
","<ul>
<li>All 13 recommendation(s) have been implemented</li>
<li>All 0 affected resource(s) pass APRL compliance checks</li>
</ul>
<p><strong>Per-recommendation verification:</strong></p>
<ul>
<li><strong>RE:01 Design your workload to align with business objectives</strong> [Medium] &mdash; 1 resource(s) remediated (GUID: <code>8c0a0a4c-9e34-41af-9f6d-89d8dc00370e</code>)</li>
<li><strong>RE:02 Identify and rate user and system flows</strong> [Medium] &mdash; 1 resource(s) remediated (GUID: <code>74415e66-7baf-43f3-8def-164bc7b48215</code>)</li>
<li><strong>RE:03 Use failure mode analysis to identify and prioritize potential failures</strong> [Medium] &mdash; 1 resource(s) remediated (GUID: <code>f5fbe3d4-7196-46b8-9b09-0e29e7cf43ac</code>)</li>
<li><strong>RE:04 Define reliability and recovery targets</strong> [Medium] &mdash; 1 resource(s) remediated (GUID: <code>2c41b97c-af27-47b5-aafb-81bbf95fe8ba</code>)</li>
<li><strong>RE:05 Design for redundancy</strong> [Medium] &mdash; 1 resource(s) remediated (GUID: <code>e404ef3f-e427-4e43-a1df-09da987e744f</code>)</li>
<li><strong>RE:05 Design for multi-region high availability</strong> [Medium] &mdash; 1 resource(s) remediated (GUID: <code>df93ae26-260e-408f-860c-42cd189f8bf8</code>)</li>
<li><strong>RE:05 Design for high availability with availability zones</strong> [Medium] &mdash; 1 resource(s) remediated (GUID: <code>3d6adb0a-042f-47f7-a7ea-db2e360903d5</code>)</li>
<li><strong>RE:06 Design for data partitioning</strong> [Medium] &mdash; 1 resource(s) remediated (GUID: <code>7f0b9ea3-0159-4ea7-b854-a4313fe76d7f</code>)</li>
<li><strong>RE:06 Design for reliable scaling</strong> [Medium] &mdash; 1 resource(s) remediated (GUID: <code>340fe5c3-d599-448a-8e52-15e96771a3f0</code>)</li>
<li><strong>RE:07 Implement self-preservation and self-healing measures</strong> [Medium] &mdash; 1 resource(s) remediated (GUID: <code>7b5008cf-1853-44c4-827d-bca091678c3f</code>)</li>
<li><strong>RE:08 Design a reliability testing strategy</strong> [Medium] &mdash; 1 resource(s) remediated (GUID: <code>7db74a6a-4062-46a8-a0cd-18684fb0ec08</code>)</li>
<li><strong>RE:09 Implement business continuity and disaster recovery plan</strong> [Medium] &mdash; 1 resource(s) remediated (GUID: <code>5f95df03-cae2-4761-90b7-7afd657ac124</code>)</li>
<li><strong>RE:10 Design a reliable monitoring and alerting strategy</strong> [Medium] &mdash; 1 resource(s) remediated (GUID: <code>90adebf7-bc90-4939-9aa8-119c46bee0fc</code>)</li>
</ul>","Medium; Well Architected; Source:APRL","2","N9GFN-Test-Project","N9GFN-Test-Project\Backlog3"
"Task","","","","RE:01 Design your workload to align with business objectives","<h1>RE:01 Design your workload to align with business objectives</h1>
<h2>Recommendation</h2>
<p>Design your workload to align with business objectives and avoid unnecessary complexity or overhead. Use a practical and balanced approach to make design decisions that deliver the desired results. Contain your design to the necessities to reduce inefficiencies and potential problems.</p>
<h2>Details</h2>
<ul>
<li><strong>Impact:</strong> Medium</li>
<li><strong>WAF Pillar:</strong> N/A</li>
<li><strong>Control:</strong> Other Best Practices</li>
<li><strong>Potential Benefit:</strong> Meet business requirements</li>
<li><strong>Source:</strong> APRL</li>
<li><strong>APRL Guid:</strong> 8c0a0a4c-9e34-41af-9f6d-89d8dc00370e</li>
</ul>
<h2>Learn More</h2>
<p><a href=""https://learn.microsoft.com/azure/well-architected/reliability/simplify"">https://learn.microsoft.com/azure/well-architected/reliability/simplify</a></p>
<h2>Affected Resources (1)</h2>
<table>
<tr><th>#</th><th>Resource Name</th><th>Resource Group</th><th>Location</th><th>Subscription</th></tr>
<tr><td>1</td><td>Entire Workload</td><td></td><td></td><td></td></tr>
</table>
","<ul>
<li>All 1 resource(s) have been remediated for recommendation <strong>RE:01 Design your workload to align with business objectives</strong></li>
<li>APRL check <code>8c0a0a4c-9e34-41af-9f6d-89d8dc00370e</code> passes for all resources</li>
</ul>
<p><strong>Per-resource verification:</strong></p>
<ul>
<li>Resource <strong>Entire Workload</strong> in <code></code> is compliant</li>
<li>Changes verified via <a href=""https://learn.microsoft.com/azure/well-architected/reliability/simplify"">https://learn.microsoft.com/azure/well-architected/reliability/simplify</a></li>
</ul>","Medium","2","N9GFN-Test-Project","N9GFN-Test-Project\Backlog3"
"Task","","","","RE:02 Identify and rate user and system flows","<h1>RE:02 Identify and rate user and system flows</h1>
<h2>Recommendation</h2>
<p>Identify and rate user and system flows. Use a criticality scale based on your business requirements to prioritize the flows.</p>
<h2>Details</h2>
<ul>
<li><strong>Impact:</strong> Medium</li>
<li><strong>WAF Pillar:</strong> N/A</li>
<li><strong>Control:</strong> High Availability</li>
<li><strong>Potential Benefit:</strong> Align architecture with reliability goals</li>
<li><strong>Source:</strong> APRL</li>
<li><strong>APRL Guid:</strong> 74415e66-7baf-43f3-8def-164bc7b48215</li>
</ul>
<h2>Learn More</h2>
<p><a href=""https://learn.microsoft.com/azure/well-architected/reliability/identify-flows"">https://learn.microsoft.com/azure/well-architected/reliability/identify-flows</a></p>
<h2>Affected Resources (1)</h2>
<table>
<tr><th>#</th><th>Resource Name</th><th>Resource Group</th><th>Location</th><th>Subscription</th></tr>
<tr><td>1</td><td>Entire Workload</td><td></td><td></td><td></td></tr>
</table>
","<ul>
<li>All 1 resource(s) have been remediated for recommendation <strong>RE:02 Identify and rate user and system flows</strong></li>
<li>APRL check <code>74415e66-7baf-43f3-8def-164bc7b48215</code> passes for all resources</li>
</ul>
<p><strong>Per-resource verification:</strong></p>
<ul>
<li>Resource <strong>Entire Workload</strong> in <code></code> is compliant</li>
<li>Changes verified via <a href=""https://learn.microsoft.com/azure/well-architected/reliability/identify-flows"">https://learn.microsoft.com/azure/well-architected/reliability/identify-flows</a></li>
</ul>","Medium","2","N9GFN-Test-Project","N9GFN-Test-Project\Backlog3"
"Task","","","","RE:03 Use failure mode analysis to identify and prioritize potential failures","<h1>RE:03 Use failure mode analysis to identify and prioritize potential failures</h1>
<h2>Recommendation</h2>
<p>Use failure mode analysis (FMA) to identify and prioritize potential failures in your solution components. Perform FMA to help you assess the risk and effect of each failure mode. Determine how the workload responds and recovers.</p>
<h2>Details</h2>
<ul>
<li><strong>Impact:</strong> Medium</li>
<li><strong>WAF Pillar:</strong> N/A</li>
<li><strong>Control:</strong> Other Best Practices</li>
<li><strong>Potential Benefit:</strong> Reduce risk of unpredicted behavior</li>
<li><strong>Source:</strong> APRL</li>
<li><strong>APRL Guid:</strong> f5fbe3d4-7196-46b8-9b09-0e29e7cf43ac</li>
</ul>
<h2>Learn More</h2>
<p><a href=""https://learn.microsoft.com/azure/well-architected/reliability/failure-mode-analysis"">https://learn.microsoft.com/azure/well-architected/reliability/failure-mode-analysis</a></p>
<h2>Affected Resources (1)</h2>
<table>
<tr><th>#</th><th>Resource Name</th><th>Resource Group</th><th>Location</th><th>Subscription</th></tr>
<tr><td>1</td><td>Entire Workload</td><td></td><td></td><td></td></tr>
</table>
","<ul>
<li>All 1 resource(s) have been remediated for recommendation <strong>RE:03 Use failure mode analysis to identify and prioritize potential failures</strong></li>
<li>APRL check <code>f5fbe3d4-7196-46b8-9b09-0e29e7cf43ac</code> passes for all resources</li>
</ul>
<p><strong>Per-resource verification:</strong></p>
<ul>
<li>Resource <strong>Entire Workload</strong> in <code></code> is compliant</li>
<li>Changes verified via <a href=""https://learn.microsoft.com/azure/well-architected/reliability/failure-mode-analysis"">https://learn.microsoft.com/azure/well-architected/reliability/failure-mode-analysis</a></li>
</ul>","Medium","2","N9GFN-Test-Project","N9GFN-Test-Project\Backlog3"
"Task","","","","RE:04 Define reliability and recovery targets","<h1>RE:04 Define reliability and recovery targets</h1>
<h2>Recommendation</h2>
<p>Define reliability and recovery targets for the components, the flows, and the overall solution. Use the defined targets to build the health model. The health model defines what healthy, degraded, and unhealthy states look like.</p>
<h2>Details</h2>
<ul>
<li><strong>Impact:</strong> Medium</li>
<li><strong>WAF Pillar:</strong> N/A</li>
<li><strong>Control:</strong> High Availability</li>
<li><strong>Potential Benefit:</strong> Communicate reliability expectations with stakeholders</li>
<li><strong>Source:</strong> APRL</li>
<li><strong>APRL Guid:</strong> 2c41b97c-af27-47b5-aafb-81bbf95fe8ba</li>
</ul>
<h2>Learn More</h2>
<p><a href=""https://learn.microsoft.com/azure/well-architected/reliability/metrics"">https://learn.microsoft.com/azure/well-architected/reliability/metrics</a></p>
<h2>Affected Resources (1)</h2>
<table>
<tr><th>#</th><th>Resource Name</th><th>Resource Group</th><th>Location</th><th>Subscription</th></tr>
<tr><td>1</td><td>Entire Workload</td><td></td><td></td><td></td></tr>
</table>
","<ul>
<li>All 1 resource(s) have been remediated for recommendation <strong>RE:04 Define reliability and recovery targets</strong></li>
<li>APRL check <code>2c41b97c-af27-47b5-aafb-81bbf95fe8ba</code> passes for all resources</li>
</ul>
<p><strong>Per-resource verification:</strong></p>
<ul>
<li>Resource <strong>Entire Workload</strong> in <code></code> is compliant</li>
<li>Changes verified via <a href=""https://learn.microsoft.com/azure/well-architected/reliability/metrics"">https://learn.microsoft.com/azure/well-architected/reliability/metrics</a></li>
</ul>","Medium","2","N9GFN-Test-Project","N9GFN-Test-Project\Backlog3"
"Task","","","","RE:05 Design for redundancy","<h1>RE:05 Design for redundancy</h1>
<h2>Recommendation</h2>
<p>Add redundancy at different levels, especially for critical flows. Apply redundancy to the compute, data, network, and other infrastructure tiers in accordance with the identified reliability targets.</p>
<h2>Details</h2>
<ul>
<li><strong>Impact:</strong> Medium</li>
<li><strong>WAF Pillar:</strong> N/A</li>
<li><strong>Control:</strong> High Availability</li>
<li><strong>Potential Benefit:</strong> Optimize for resiliency</li>
<li><strong>Source:</strong> APRL</li>
<li><strong>APRL Guid:</strong> e404ef3f-e427-4e43-a1df-09da987e744f</li>
</ul>
<h2>Learn More</h2>
<p><a href=""https://learn.microsoft.com/azure/well-architected/reliability/redundancy"">https://learn.microsoft.com/azure/well-architected/reliability/redundancy</a></p>
<h2>Affected Resources (1)</h2>
<table>
<tr><th>#</th><th>Resource Name</th><th>Resource Group</th><th>Location</th><th>Subscription</th></tr>
<tr><td>1</td><td>Entire Workload</td><td></td><td></td><td></td></tr>
</table>
","<ul>
<li>All 1 resource(s) have been remediated for recommendation <strong>RE:05 Design for redundancy</strong></li>
<li>APRL check <code>e404ef3f-e427-4e43-a1df-09da987e744f</code> passes for all resources</li>
</ul>
<p><strong>Per-resource verification:</strong></p>
<ul>
<li>Resource <strong>Entire Workload</strong> in <code></code> is compliant</li>
<li>Changes verified via <a href=""https://learn.microsoft.com/azure/well-architected/reliability/redundancy"">https://learn.microsoft.com/azure/well-architected/reliability/redundancy</a></li>
</ul>","Medium","2","N9GFN-Test-Project","N9GFN-Test-Project\Backlog3"
"Task","","","","RE:05 Design for multi-region high availability","<h1>RE:05 Design for multi-region high availability</h1>
<h2>Recommendation</h2>
<p>High availability is a foundational tenet of designing for reliability. A highly available architecture can help you avoid downtime as much as possible and recover efficiently if downtime does occur.</p>
<h2>Details</h2>
<ul>
<li><strong>Impact:</strong> Medium</li>
<li><strong>WAF Pillar:</strong> N/A</li>
<li><strong>Control:</strong> High Availability</li>
<li><strong>Potential Benefit:</strong> Minimize downtime from regional outages</li>
<li><strong>Source:</strong> APRL</li>
<li><strong>APRL Guid:</strong> df93ae26-260e-408f-860c-42cd189f8bf8</li>
</ul>
<h2>Learn More</h2>
<p><a href=""https://learn.microsoft.com/azure/well-architected/reliability/highly-available-multi-region-design"">https://learn.microsoft.com/azure/well-architected/reliability/highly-available-multi-region-design</a></p>
<h2>Affected Resources (1)</h2>
<table>
<tr><th>#</th><th>Resource Name</th><th>Resource Group</th><th>Location</th><th>Subscription</th></tr>
<tr><td>1</td><td>Entire Workload</td><td></td><td></td><td></td></tr>
</table>
","<ul>
<li>All 1 resource(s) have been remediated for recommendation <strong>RE:05 Design for multi-region high availability</strong></li>
<li>APRL check <code>df93ae26-260e-408f-860c-42cd189f8bf8</code> passes for all resources</li>
</ul>
<p><strong>Per-resource verification:</strong></p>
<ul>
<li>Resource <strong>Entire Workload</strong> in <code></code> is compliant</li>
<li>Changes verified via <a href=""https://learn.microsoft.com/azure/well-architected/reliability/highly-available-multi-region-design"">https://learn.microsoft.com/azure/well-architected/reliability/highly-available-multi-region-design</a></li>
</ul>","Medium","2","N9GFN-Test-Project","N9GFN-Test-Project\Backlog3"
"Task","","","","RE:05 Design for high availability with availability zones","<h1>RE:05 Design for high availability with availability zones</h1>
<h2>Recommendation</h2>
<p>High availability is a foundational tenet of designing for reliability. A highly available architecture can help you avoid downtime as much as possible and recover efficiently if downtime does occur.</p>
<h2>Details</h2>
<ul>
<li><strong>Impact:</strong> Medium</li>
<li><strong>WAF Pillar:</strong> N/A</li>
<li><strong>Control:</strong> High Availability</li>
<li><strong>Potential Benefit:</strong> Minimize downtime from zonal outages</li>
<li><strong>Source:</strong> APRL</li>
<li><strong>APRL Guid:</strong> 3d6adb0a-042f-47f7-a7ea-db2e360903d5</li>
</ul>
<h2>Learn More</h2>
<p><a href=""https://learn.microsoft.com/azure/well-architected/reliability/regions-availability-zones"">https://learn.microsoft.com/azure/well-architected/reliability/regions-availability-zones</a></p>
<h2>Affected Resources (1)</h2>
<table>
<tr><th>#</th><th>Resource Name</th><th>Resource Group</th><th>Location</th><th>Subscription</th></tr>
<tr><td>1</td><td>Entire Workload</td><td></td><td></td><td></td></tr>
</table>
","<ul>
<li>All 1 resource(s) have been remediated for recommendation <strong>RE:05 Design for high availability with availability zones</strong></li>
<li>APRL check <code>3d6adb0a-042f-47f7-a7ea-db2e360903d5</code> passes for all resources</li>
</ul>
<p><strong>Per-resource verification:</strong></p>
<ul>
<li>Resource <strong>Entire Workload</strong> in <code></code> is compliant</li>
<li>Changes verified via <a href=""https://learn.microsoft.com/azure/well-architected/reliability/regions-availability-zones"">https://learn.microsoft.com/azure/well-architected/reliability/regions-availability-zones</a></li>
</ul>","Medium","2","N9GFN-Test-Project","N9GFN-Test-Project\Backlog3"
"Task","","","","RE:06 Design for data partitioning","<h1>RE:06 Design for data partitioning</h1>
<h2>Recommendation</h2>
<p>Partitioning data improves scalability, reduces contention, and optimizes performance. Implement data partitioning to divide data by usage pattern.</p>
<h2>Details</h2>
<ul>
<li><strong>Impact:</strong> Medium</li>
<li><strong>WAF Pillar:</strong> N/A</li>
<li><strong>Control:</strong> High Availability</li>
<li><strong>Potential Benefit:</strong> Improve data estate reliability</li>
<li><strong>Source:</strong> APRL</li>
<li><strong>APRL Guid:</strong> 7f0b9ea3-0159-4ea7-b854-a4313fe76d7f</li>
</ul>
<h2>Learn More</h2>
<p><a href=""https://learn.microsoft.com/azure/well-architected/reliability/partition-data"">https://learn.microsoft.com/azure/well-architected/reliability/partition-data</a></p>
<h2>Affected Resources (1)</h2>
<table>
<tr><th>#</th><th>Resource Name</th><th>Resource Group</th><th>Location</th><th>Subscription</th></tr>
<tr><td>1</td><td>Entire Workload</td><td></td><td></td><td></td></tr>
</table>
","<ul>
<li>All 1 resource(s) have been remediated for recommendation <strong>RE:06 Design for data partitioning</strong></li>
<li>APRL check <code>7f0b9ea3-0159-4ea7-b854-a4313fe76d7f</code> passes for all resources</li>
</ul>
<p><strong>Per-resource verification:</strong></p>
<ul>
<li>Resource <strong>Entire Workload</strong> in <code></code> is compliant</li>
<li>Changes verified via <a href=""https://learn.microsoft.com/azure/well-architected/reliability/partition-data"">https://learn.microsoft.com/azure/well-architected/reliability/partition-data</a></li>
</ul>","Medium","2","N9GFN-Test-Project","N9GFN-Test-Project\Backlog3"
"Task","","","","RE:06 Design for reliable scaling","<h1>RE:06 Design for reliable scaling</h1>
<h2>Recommendation</h2>
<p>Implement a timely and reliable scaling strategy at the application, data, and infrastructure levels.</p>
<h2>Details</h2>
<ul>
<li><strong>Impact:</strong> Medium</li>
<li><strong>WAF Pillar:</strong> N/A</li>
<li><strong>Control:</strong> Scalability</li>
<li><strong>Potential Benefit:</strong> Dynamically handle increased load</li>
<li><strong>Source:</strong> APRL</li>
<li><strong>APRL Guid:</strong> 340fe5c3-d599-448a-8e52-15e96771a3f0</li>
</ul>
<h2>Learn More</h2>
<p><a href=""https://learn.microsoft.com/azure/well-architected/reliability/scaling"">https://learn.microsoft.com/azure/well-architected/reliability/scaling</a></p>
<h2>Affected Resources (1)</h2>
<table>
<tr><th>#</th><th>Resource Name</th><th>Resource Group</th><th>Location</th><th>Subscription</th></tr>
<tr><td>1</td><td>Entire Workload</td><td></td><td></td><td></td></tr>
</table>
","<ul>
<li>All 1 resource(s) have been remediated for recommendation <strong>RE:06 Design for reliable scaling</strong></li>
<li>APRL check <code>340fe5c3-d599-448a-8e52-15e96771a3f0</code> passes for all resources</li>
</ul>
<p><strong>Per-resource verification:</strong></p>
<ul>
<li>Resource <strong>Entire Workload</strong> in <code></code> is compliant</li>
<li>Changes verified via <a href=""https://learn.microsoft.com/azure/well-architected/reliability/scaling"">https://learn.microsoft.com/azure/well-architected/reliability/scaling</a></li>
</ul>","Medium","2","N9GFN-Test-Project","N9GFN-Test-Project\Backlog3"
"Task","","","","RE:07 Implement self-preservation and self-healing measures","<h1>RE:07 Implement self-preservation and self-healing measures</h1>
<h2>Recommendation</h2>
<p>Strengthen the resiliency and recoverability of your workload by implementing self-preservation and self-healing measures. Self-healing capabilities help you avoid downtime by building in failure detection and automatic corrective actions to respond to different failure types.</p>
<h2>Details</h2>
<ul>
<li><strong>Impact:</strong> Medium</li>
<li><strong>WAF Pillar:</strong> N/A</li>
<li><strong>Control:</strong> High Availability</li>
<li><strong>Potential Benefit:</strong> Reduce the likelihood of outages</li>
<li><strong>Source:</strong> APRL</li>
<li><strong>APRL Guid:</strong> 7b5008cf-1853-44c4-827d-bca091678c3f</li>
</ul>
<h2>Learn More</h2>
<p><a href=""https://learn.microsoft.com/azure/well-architected/reliability/self-preservation"">https://learn.microsoft.com/azure/well-architected/reliability/self-preservation</a></p>
<h2>Affected Resources (1)</h2>
<table>
<tr><th>#</th><th>Resource Name</th><th>Resource Group</th><th>Location</th><th>Subscription</th></tr>
<tr><td>1</td><td>Entire Workload</td><td></td><td></td><td></td></tr>
</table>
","<ul>
<li>All 1 resource(s) have been remediated for recommendation <strong>RE:07 Implement self-preservation and self-healing measures</strong></li>
<li>APRL check <code>7b5008cf-1853-44c4-827d-bca091678c3f</code> passes for all resources</li>
</ul>
<p><strong>Per-resource verification:</strong></p>
<ul>
<li>Resource <strong>Entire Workload</strong> in <code></code> is compliant</li>
<li>Changes verified via <a href=""https://learn.microsoft.com/azure/well-architected/reliability/self-preservation"">https://learn.microsoft.com/azure/well-architected/reliability/self-preservation</a></li>
</ul>","Medium","2","N9GFN-Test-Project","N9GFN-Test-Project\Backlog3"
"Task","","","","RE:08 Design a reliability testing strategy","<h1>RE:08 Design a reliability testing strategy</h1>
<h2>Recommendation</h2>
<p>Test resiliency and availability scenarios by applying the principles of chaos engineering in your test and production environments. Use testing to ensure that your graceful degradation implementation and scaling strategies are effective by performing active malfunction and simulated load testing.</p>
<h2>Details</h2>
<ul>
<li><strong>Impact:</strong> Medium</li>
<li><strong>WAF Pillar:</strong> N/A</li>
<li><strong>Control:</strong> Other Best Practices</li>
<li><strong>Potential Benefit:</strong> Validate and optimize workload reliability</li>
<li><strong>Source:</strong> APRL</li>
<li><strong>APRL Guid:</strong> 7db74a6a-4062-46a8-a0cd-18684fb0ec08</li>
</ul>
<h2>Learn More</h2>
<p><a href=""https://learn.microsoft.com/azure/well-architected/reliability/testing-strategy"">https://learn.microsoft.com/azure/well-architected/reliability/testing-strategy</a></p>
<h2>Affected Resources (1)</h2>
<table>
<tr><th>#</th><th>Resource Name</th><th>Resource Group</th><th>Location</th><th>Subscription</th></tr>
<tr><td>1</td><td>Entire Workload</td><td></td><td></td><td></td></tr>
</table>
","<ul>
<li>All 1 resource(s) have been remediated for recommendation <strong>RE:08 Design a reliability testing strategy</strong></li>
<li>APRL check <code>7db74a6a-4062-46a8-a0cd-18684fb0ec08</code> passes for all resources</li>
</ul>
<p><strong>Per-resource verification:</strong></p>
<ul>
<li>Resource <strong>Entire Workload</strong> in <code></code> is compliant</li>
<li>Changes verified via <a href=""https://learn.microsoft.com/azure/well-architected/reliability/testing-strategy"">https://learn.microsoft.com/azure/well-architected/reliability/testing-strategy</a></li>
</ul>","Medium","2","N9GFN-Test-Project","N9GFN-Test-Project\Backlog3"
"Task","","","","RE:09 Implement business continuity and disaster recovery plan","<h1>RE:09 Implement business continuity and disaster recovery plan</h1>
<h2>Recommendation</h2>
<p>Implement structured, tested, and documented business continuity and disaster recovery (BCDR) plans that align with the recovery targets. Plans must cover all components and the system as a whole.</p>
<h2>Details</h2>
<ul>
<li><strong>Impact:</strong> Medium</li>
<li><strong>WAF Pillar:</strong> N/A</li>
<li><strong>Control:</strong> Disaster Recovery</li>
<li><strong>Potential Benefit:</strong> Reliable disaster recovery</li>
<li><strong>Source:</strong> APRL</li>
<li><strong>APRL Guid:</strong> 5f95df03-cae2-4761-90b7-7afd657ac124</li>
</ul>
<h2>Learn More</h2>
<p><a href=""https://learn.microsoft.com/azure/well-architected/reliability/disaster-recovery"">https://learn.microsoft.com/azure/well-architected/reliability/disaster-recovery</a></p>
<h2>Affected Resources (1)</h2>
<table>
<tr><th>#</th><th>Resource Name</th><th>Resource Group</th><th>Location</th><th>Subscription</th></tr>
<tr><td>1</td><td>Entire Workload</td><td></td><td></td><td></td></tr>
</table>
","<ul>
<li>All 1 resource(s) have been remediated for recommendation <strong>RE:09 Implement business continuity and disaster recovery plan</strong></li>
<li>APRL check <code>5f95df03-cae2-4761-90b7-7afd657ac124</code> passes for all resources</li>
</ul>
<p><strong>Per-resource verification:</strong></p>
<ul>
<li>Resource <strong>Entire Workload</strong> in <code></code> is compliant</li>
<li>Changes verified via <a href=""https://learn.microsoft.com/azure/well-architected/reliability/disaster-recovery"">https://learn.microsoft.com/azure/well-architected/reliability/disaster-recovery</a></li>
</ul>","Medium","2","N9GFN-Test-Project","N9GFN-Test-Project\Backlog3"
"Task","","","","RE:10 Design a reliable monitoring and alerting strategy","<h1>RE:10 Design a reliable monitoring and alerting strategy</h1>
<h2>Recommendation</h2>
<p>Measure and publish the solution's health indicators. Continuously capture uptime and other reliability data from across the workload and also from individual components and key flows.</p>
<h2>Details</h2>
<ul>
<li><strong>Impact:</strong> Medium</li>
<li><strong>WAF Pillar:</strong> N/A</li>
<li><strong>Control:</strong> Monitoring And Alerting</li>
<li><strong>Potential Benefit:</strong> Observability into workload health</li>
<li><strong>Source:</strong> APRL</li>
<li><strong>APRL Guid:</strong> 90adebf7-bc90-4939-9aa8-119c46bee0fc</li>
</ul>
<h2>Learn More</h2>
<p><a href=""https://learn.microsoft.com/azure/well-architected/reliability/monitoring-alerting-strategy"">https://learn.microsoft.com/azure/well-architected/reliability/monitoring-alerting-strategy</a></p>
<h2>Affected Resources (1)</h2>
<table>
<tr><th>#</th><th>Resource Name</th><th>Resource Group</th><th>Location</th><th>Subscription</th></tr>
<tr><td>1</td><td>Entire Workload</td><td></td><td></td><td></td></tr>
</table>
","<ul>
<li>All 1 resource(s) have been remediated for recommendation <strong>RE:10 Design a reliable monitoring and alerting strategy</strong></li>
<li>APRL check <code>90adebf7-bc90-4939-9aa8-119c46bee0fc</code> passes for all resources</li>
</ul>
<p><strong>Per-resource verification:</strong></p>
<ul>
<li>Resource <strong>Entire Workload</strong> in <code></code> is compliant</li>
<li>Changes verified via <a href=""https://learn.microsoft.com/azure/well-architected/reliability/monitoring-alerting-strategy"">https://learn.microsoft.com/azure/well-architected/reliability/monitoring-alerting-strategy</a></li>
</ul>","Medium","2","N9GFN-Test-Project","N9GFN-Test-Project\Backlog3"
"Epic","Uncategorised","","","","<h1>Uncategorised</h1>
<h2>Overview</h2>
<p>Azure Excellence recommendations for the Uncategorised domain.</p>
<p><strong>WAF Pillars:</strong> Reliability</p>
<h2>Scope</h2>
<ul>
<li><strong>Total Features:</strong> 2</li>
<li><strong>Total Recommendations:</strong> 2</li>
<li><strong>Total Affected Resources:</strong> 2</li>
<li><strong>Subscriptions:</strong> a4aef89a-cd11-438f-b30a-58e84134ade1</li>
</ul>
<h2>Impact Summary</h2>
<ul>
<li><strong>High:</strong> 2 recommendation(s)</li>
<li><strong>Medium:</strong> 3 recommendation(s)</li>
</ul>
<h2>Features</h2>
<ul>
<li><strong>Vaults</strong> (Microsoft.RecoveryServices/vaults) &mdash; 1 resource(s), 1 recommendation(s)</li>
<li><strong>Vaults</strong> (microsoft.recoveryservices/vaults) &mdash; 1 resource(s), 1 recommendation(s)</li>
</ul>
","<p>All Features within this Epic are completed and verified.</p>
<p><strong>Features to complete:</strong></p>
<ul>
<li>Vaults (Microsoft.RecoveryServices/vaults) &mdash; 1 recommendation(s), 3 resource(s)</li>
<li>Vaults (microsoft.recoveryservices/vaults) &mdash; 1 recommendation(s), 2 resource(s)</li>
</ul>","Reliability; Uncategorised","2","N9GFN-Test-Project","N9GFN-Test-Project\Backlog3"
"Feature","","Vaults","","","<h1>Vaults (Microsoft.RecoveryServices/vaults)</h1>
<h2>Overview</h2>
<p>Recommendations for <strong>Microsoft.RecoveryServices/vaults</strong> resources within the <strong>Uncategorised</strong> domain.</p>
<h2>Scope</h2>
<ul>
<li><strong>Recommendations:</strong> 3</li>
<li><strong>Affected Resources:</strong> 1</li>
<li><strong>Resource Groups:</strong> rg-btr-demo</li>
<li><strong>Subscriptions:</strong> a4aef89a-cd11-438f-b30a-58e84134ade1</li>
<li><strong>Regions:</strong> uksouth</li>
</ul>
<h2>Impact Breakdown</h2>
<ul>
<li><strong>High:</strong> 1</li>
<li><strong>Medium:</strong> 2</li>
</ul>
<h2>Recommendations</h2>
<ol>
<li><strong>Ensure static IP addresses in Site Recovery VM failover settings are available in failover subnet</strong> [High]
<ul>
<li><strong>Control:</strong> Disaster Recovery</li>
<li><strong>Benefit:</strong> Smooth failover IP management</li>
<li><strong>Affected Resources:</strong> 1</li>
</ul>
</li>
<li><strong>Migrate from classic alerts to built-in Azure Monitor alerts for Azure Recovery Services Vaults</strong> [Medium]
<ul>
<li><strong>Control:</strong> Monitoring And Alerting</li>
<li><strong>Benefit:</strong> Enhanced, scalable, and consistent alerting.</li>
<li><strong>Affected Resources:</strong> 1</li>
</ul>
</li>
<li><strong>Enable Soft Delete for Recovery Services Vaults in Azure Backup</strong> [Medium]
<ul>
<li><strong>Control:</strong> Disaster Recovery</li>
<li><strong>Benefit:</strong> Enhances disaster recovery capabilities</li>
<li><strong>Affected Resources:</strong> 1</li>
</ul>
</li>
</ol>
","<p>All recommendations for <strong>Microsoft.RecoveryServices/vaults</strong> are completed. Resources validated against APRL checks.</p>
<p><strong>Recommendations to complete:</strong></p>
<ul>
<li>Ensure static IP addresses in Site Recovery VM failover settings are available in failover subnet [High] &mdash; 1 resource(s)</li>
<li>Migrate from classic alerts to built-in Azure Monitor alerts for Azure Recovery Services Vaults [Medium] &mdash; 1 resource(s)</li>
<li>Enable Soft Delete for Recovery Services Vaults in Azure Backup [Medium] &mdash; 1 resource(s)</li>
</ul>","Microsoft.RecoveryServices/vaults; Uncategorised","1","N9GFN-Test-Project","N9GFN-Test-Project\Backlog3"
"User Story","","","Vaults - Recommendations","","<h1>Vaults - Recommendations</h1>
<h2>Overview</h2>
<p>Consolidated APRL recommendations for <strong>Microsoft.RecoveryServices/vaults</strong> resources.</p>
<ul>
<li><strong>Impact:</strong> High</li>
<li><strong>WAF Pillars:</strong> Reliability</li>
<li><strong>Recommendations:</strong> 3</li>
<li><strong>Affected Resources:</strong> 1</li>
<li><strong>Source:</strong> APRL</li>
</ul>
<h2>Recommendations Summary</h2>
<table>
<tr><th>#</th><th>Recommendation</th><th>Impact</th><th>WAF Pillar</th><th>Affected Resources</th></tr>
<tr><td>1</td><td>Ensure static IP addresses in Site Recovery VM failover settings are available in failover subnet</td><td>High</td><td>Reliability</td><td>1</td></tr>
<tr><td>2</td><td>Migrate from classic alerts to built-in Azure Monitor alerts for Azure Recovery Services Vaults</td><td>Medium</td><td>Reliability</td><td>1</td></tr>
<tr><td>3</td><td>Enable Soft Delete for Recovery Services Vaults in Azure Backup</td><td>Medium</td><td>Reliability</td><td>1</td></tr>
</table>
","<ul>
<li>All 3 recommendation(s) have been implemented</li>
<li>All 1 affected resource(s) pass APRL compliance checks</li>
</ul>
<p><strong>Per-recommendation verification:</strong></p>
<ul>
<li><strong>Ensure static IP addresses in Site Recovery VM failover settings are available in failover subnet</strong> [High] &mdash; 1 resource(s) remediated (GUID: <code>e93bb813-b356-48f3-9bdf-a06a0a6ba039</code>)</li>
<li><strong>Migrate from classic alerts to built-in Azure Monitor alerts for Azure Recovery Services Vaults</strong> [Medium] &mdash; 1 resource(s) remediated (GUID: <code>2912472d-0198-4bdc-aa90-37f145790edc</code>)</li>
<li><strong>Enable Soft Delete for Recovery Services Vaults in Azure Backup</strong> [Medium] &mdash; 1 resource(s) remediated (GUID: <code>9e39919b-78af-4a0b-b70f-c548dae97c25</code>)</li>
</ul>","High; Reliability; Azure Service; Source:APRL","1","N9GFN-Test-Project","N9GFN-Test-Project\Backlog3"
"Task","","","","Ensure static IP addresses in Site Recovery VM failover settings are available in failover subnet","<h1>Ensure static IP addresses in Site Recovery VM failover settings are available in failover subnet</h1>
<h2>Recommendation</h2>
<p>Ensure VM failover settings' static IP addresses are available in the failover subnet to maintain consistent IP assignment during failover, with the target VM receiving the same static IP if it's available or the next available IP otherwise. IP adjustments can be made in VM Network settings.</p>
<h2>Details</h2>
<ul>
<li><strong>Impact:</strong> High</li>
<li><strong>WAF Pillar:</strong> Reliability</li>
<li><strong>Control:</strong> Disaster Recovery</li>
<li><strong>Potential Benefit:</strong> Smooth failover IP management</li>
<li><strong>Source:</strong> APRL</li>
<li><strong>APRL Guid:</strong> e93bb813-b356-48f3-9bdf-a06a0a6ba039</li>
</ul>
<h2>Learn More</h2>
<p><a href=""https://learn.microsoft.com/azure/site-recovery/azure-to-azure-network-mapping#set-up-ip-addressing-for-target-vms"">https://learn.microsoft.com/azure/site-recovery/azure-to-azure-network-mapping#set-up-ip-addressing-for-target-vms</a></p>
<h2>Affected Resources (1)</h2>
<table>
<tr><th>#</th><th>Resource Name</th><th>Resource Group</th><th>Location</th><th>Subscription</th></tr>
<tr><td>1</td><td>rsv-btr-demo</td><td>rg-btr-demo</td><td>uksouth</td><td>a4aef89a-cd11-438f-b30a-58e84134ade1</td></tr>
</table>
","<ul>
<li>All 1 resource(s) have been remediated for recommendation <strong>Ensure static IP addresses in Site Recovery VM failover settings are available in failover subnet</strong></li>
<li>APRL check <code>e93bb813-b356-48f3-9bdf-a06a0a6ba039</code> passes for all resources</li>
</ul>
<p><strong>Per-resource verification:</strong></p>
<ul>
<li>Resource <strong>rsv-btr-demo</strong> in <code>rg-btr-demo</code> is compliant</li>
<li>Changes verified via <a href=""https://learn.microsoft.com/azure/site-recovery/azure-to-azure-network-mapping#set-up-ip-addressing-for-target-vms"">https://learn.microsoft.com/azure/site-recovery/azure-to-azure-network-mapping#set-up-ip-addressing-for-target-vms</a></li>
</ul>","High; Reliability; Source:APRL","1","N9GFN-Test-Project","N9GFN-Test-Project\Backlog3"
"Task","","","","Migrate from classic alerts to built-in Azure Monitor alerts for Azure Recovery Services Vaults","<h1>Migrate from classic alerts to built-in Azure Monitor alerts for Azure Recovery Services Vaults</h1>
<h2>Recommendation</h2>
<p>Classic alerts for Recovery Services vaults in Azure Backup will be retired on 31 March 2026.</p>
<h2>Details</h2>
<ul>
<li><strong>Impact:</strong> Medium</li>
<li><strong>WAF Pillar:</strong> Reliability</li>
<li><strong>Control:</strong> Monitoring And Alerting</li>
<li><strong>Potential Benefit:</strong> Enhanced, scalable, and consistent alerting.</li>
<li><strong>Source:</strong> APRL</li>
<li><strong>APRL Guid:</strong> 2912472d-0198-4bdc-aa90-37f145790edc</li>
</ul>
<h2>Learn More</h2>
<p><a href=""https://learn.microsoft.com/azure/backup/move-to-azure-monitor-alerts"">https://learn.microsoft.com/azure/backup/move-to-azure-monitor-alerts</a></p>
<h2>Affected Resources (1)</h2>
<table>
<tr><th>#</th><th>Resource Name</th><th>Resource Group</th><th>Location</th><th>Subscription</th></tr>
<tr><td>1</td><td>rsv-btr-demo</td><td>rg-btr-demo</td><td>uksouth</td><td>a4aef89a-cd11-438f-b30a-58e84134ade1</td></tr>
</table>
","<ul>
<li>All 1 resource(s) have been remediated for recommendation <strong>Migrate from classic alerts to built-in Azure Monitor alerts for Azure Recovery Services Vaults</strong></li>
<li>APRL check <code>2912472d-0198-4bdc-aa90-37f145790edc</code> passes for all resources</li>
</ul>
<p><strong>Per-resource verification:</strong></p>
<ul>
<li>Resource <strong>rsv-btr-demo</strong> in <code>rg-btr-demo</code> is compliant</li>
<li>Changes verified via <a href=""https://learn.microsoft.com/azure/backup/move-to-azure-monitor-alerts"">https://learn.microsoft.com/azure/backup/move-to-azure-monitor-alerts</a></li>
</ul>","Medium; Reliability; Source:APRL","2","N9GFN-Test-Project","N9GFN-Test-Project\Backlog3"
"Task","","","","Enable Soft Delete for Recovery Services Vaults in Azure Backup","<h1>Enable Soft Delete for Recovery Services Vaults in Azure Backup</h1>
<h2>Recommendation</h2>
<p>With soft delete, if backup data is deleted, the backup data is retained for 14 additional days, allowing the recovery of that backup item with no data loss with no cost to you. Soft delete is enabled by default. Disabling this feature isn't recommended.</p>
<h2>Details</h2>
<ul>
<li><strong>Impact:</strong> Medium</li>
<li><strong>WAF Pillar:</strong> Reliability</li>
<li><strong>Control:</strong> Disaster Recovery</li>
<li><strong>Potential Benefit:</strong> Enhances disaster recovery capabilities</li>
<li><strong>Source:</strong> APRL</li>
<li><strong>APRL Guid:</strong> 9e39919b-78af-4a0b-b70f-c548dae97c25</li>
</ul>
<h2>Learn More</h2>
<p><a href=""https://learn.microsoft.com/azure/backup/backup-azure-security-feature-cloud?tabs=azure-portal"">https://learn.microsoft.com/azure/backup/backup-azure-security-feature-cloud?tabs=azure-portal</a></p>
<h2>Affected Resources (1)</h2>
<table>
<tr><th>#</th><th>Resource Name</th><th>Resource Group</th><th>Location</th><th>Subscription</th></tr>
<tr><td>1</td><td>rsv-btr-demo</td><td>rg-btr-demo</td><td>uksouth</td><td>a4aef89a-cd11-438f-b30a-58e84134ade1</td></tr>
</table>
","<ul>
<li>All 1 resource(s) have been remediated for recommendation <strong>Enable Soft Delete for Recovery Services Vaults in Azure Backup</strong></li>
<li>APRL check <code>9e39919b-78af-4a0b-b70f-c548dae97c25</code> passes for all resources</li>
</ul>
<p><strong>Per-resource verification:</strong></p>
<ul>
<li>Resource <strong>rsv-btr-demo</strong> in <code>rg-btr-demo</code> is compliant</li>
<li>Changes verified via <a href=""https://learn.microsoft.com/azure/backup/backup-azure-security-feature-cloud?tabs=azure-portal"">https://learn.microsoft.com/azure/backup/backup-azure-security-feature-cloud?tabs=azure-portal</a></li>
</ul>","Medium; Reliability; Source:APRL","2","N9GFN-Test-Project","N9GFN-Test-Project\Backlog3"
"Feature","","Vaults","","","<h1>Vaults (microsoft.recoveryservices/vaults)</h1>
<h2>Overview</h2>
<p>Recommendations for <strong>microsoft.recoveryservices/vaults</strong> resources within the <strong>Uncategorised</strong> domain.</p>
<h2>Scope</h2>
<ul>
<li><strong>Recommendations:</strong> 2</li>
<li><strong>Affected Resources:</strong> 1</li>
<li><strong>Resource Groups:</strong> rg-btr-demo</li>
<li><strong>Subscriptions:</strong> a4aef89a-cd11-438f-b30a-58e84134ade1</li>
<li><strong>Regions:</strong> global, uksouth</li>
</ul>
<h2>Impact Breakdown</h2>
<ul>
<li><strong>High:</strong> 1</li>
<li><strong>Medium:</strong> 1</li>
</ul>
<h2>Recommendations</h2>
<ol>
<li><strong>Enable Zone Redundant Storage (ZRS) for vault storage to protect backups from zone failures</strong> [High]
<ul>
<li><strong>Control:</strong> High Availability</li>
<li><strong>Benefit:</strong> </li>
<li><strong>Affected Resources:</strong> 1</li>
</ul>
</li>
<li><strong>Enable soft delete for your Recovery Services vaults</strong> [Medium]
<ul>
<li><strong>Control:</strong> High Availability</li>
<li><strong>Benefit:</strong> </li>
<li><strong>Affected Resources:</strong> 1</li>
</ul>
</li>
</ol>
","<p>All recommendations for <strong>microsoft.recoveryservices/vaults</strong> are completed. Resources validated against APRL checks.</p>
<p><strong>Recommendations to complete:</strong></p>
<ul>
<li>Enable Zone Redundant Storage (ZRS) for vault storage to protect backups from zone failures [High] &mdash; 1 resource(s)</li>
<li>Enable soft delete for your Recovery Services vaults [Medium] &mdash; 1 resource(s)</li>
</ul>","microsoft.recoveryservices/vaults; Uncategorised","1","N9GFN-Test-Project","N9GFN-Test-Project\Backlog3"
"User Story","","","Vaults - Recommendations","","<h1>Vaults - Recommendations</h1>
<h2>Overview</h2>
<p>Consolidated APRL recommendations for <strong>microsoft.recoveryservices/vaults</strong> resources.</p>
<ul>
<li><strong>Impact:</strong> High</li>
<li><strong>WAF Pillars:</strong> Reliability</li>
<li><strong>Recommendations:</strong> 2</li>
<li><strong>Affected Resources:</strong> 1</li>
<li><strong>Source:</strong> APRL & Advisor</li>
</ul>
<h2>Recommendations Summary</h2>
<table>
<tr><th>#</th><th>Recommendation</th><th>Impact</th><th>WAF Pillar</th><th>Affected Resources</th></tr>
<tr><td>1</td><td>Enable Zone Redundant Storage (ZRS) for vault storage to protect backups from zone failures</td><td>High</td><td>Reliability</td><td>1</td></tr>
<tr><td>2</td><td>Enable soft delete for your Recovery Services vaults</td><td>Medium</td><td>Reliability</td><td>1</td></tr>
</table>
","<ul>
<li>All 2 recommendation(s) have been implemented</li>
<li>All 1 affected resource(s) pass APRL compliance checks</li>
</ul>
<p><strong>Per-recommendation verification:</strong></p>
<ul>
<li><strong>Enable Zone Redundant Storage (ZRS) for vault storage to protect backups from zone failures</strong> [High] &mdash; 1 resource(s) remediated (GUID: <code>21ac578c-0fb9-42eb-9c58-69716f87e7fb</code>)</li>
<li><strong>Enable soft delete for your Recovery Services vaults</strong> [Medium] &mdash; 1 resource(s) remediated (GUID: <code>3ebfaf53-4d8c-4e67-a948-017bbbf59de6</code>)</li>
</ul>","High; Reliability; Azure Service; Source:APRL & Advisor","1","N9GFN-Test-Project","N9GFN-Test-Project\Backlog3"
"Task","","","","Enable Zone Redundant Storage (ZRS) for vault storage to protect backups from zone failures","<h1>Enable Zone Redundant Storage (ZRS) for vault storage to protect backups from zone failures</h1>
<h2>Recommendation</h2>
<p>No detailed description available.</p>
<h2>Details</h2>
<ul>
<li><strong>Impact:</strong> High</li>
<li><strong>WAF Pillar:</strong> Reliability</li>
<li><strong>Control:</strong> High Availability</li>
<li><strong>Potential Benefit:</strong> N/A</li>
<li><strong>Source:</strong> ADVISOR</li>
<li><strong>APRL Guid:</strong> 21ac578c-0fb9-42eb-9c58-69716f87e7fb</li>
</ul>
<h2>Affected Resources (1)</h2>
<table>
<tr><th>#</th><th>Resource Name</th><th>Resource Group</th><th>Location</th><th>Subscription</th></tr>
<tr><td>1</td><td>rsv-btr-demo</td><td>rg-btr-demo</td><td>uksouth</td><td>a4aef89a-cd11-438f-b30a-58e84134ade1</td></tr>
</table>
","<ul>
<li>All 1 resource(s) have been remediated for recommendation <strong>Enable Zone Redundant Storage (ZRS) for vault storage to protect backups from zone failures</strong></li>
<li>APRL check <code>21ac578c-0fb9-42eb-9c58-69716f87e7fb</code> passes for all resources</li>
</ul>
<p><strong>Per-resource verification:</strong></p>
<ul>
<li>Resource <strong>rsv-btr-demo</strong> in <code>rg-btr-demo</code> is compliant</li>
<li>Source: <strong>ADVISOR</strong></li>
</ul>","High; Reliability; Source:ADVISOR","1","N9GFN-Test-Project","N9GFN-Test-Project\Backlog3"
"Task","","","","Enable soft delete for your Recovery Services vaults","<h1>Enable soft delete for your Recovery Services vaults</h1>
<h2>Recommendation</h2>
<p>No detailed description available.</p>
<h2>Details</h2>
<ul>
<li><strong>Impact:</strong> Medium</li>
<li><strong>WAF Pillar:</strong> Reliability</li>
<li><strong>Control:</strong> High Availability</li>
<li><strong>Potential Benefit:</strong> N/A</li>
<li><strong>Source:</strong> ADVISOR</li>
<li><strong>APRL Guid:</strong> 3ebfaf53-4d8c-4e67-a948-017bbbf59de6</li>
</ul>
<h2>Affected Resources (1)</h2>
<table>
<tr><th>#</th><th>Resource Name</th><th>Resource Group</th><th>Location</th><th>Subscription</th></tr>
<tr><td>1</td><td>rsv-btr-demo</td><td>rg-btr-demo</td><td>global</td><td>a4aef89a-cd11-438f-b30a-58e84134ade1</td></tr>
</table>
","<ul>
<li>All 1 resource(s) have been remediated for recommendation <strong>Enable soft delete for your Recovery Services vaults</strong></li>
<li>APRL check <code>3ebfaf53-4d8c-4e67-a948-017bbbf59de6</code> passes for all resources</li>
</ul>
<p><strong>Per-resource verification:</strong></p>
<ul>
<li>Resource <strong>rsv-btr-demo</strong> in <code>rg-btr-demo</code> is compliant</li>
<li>Source: <strong>ADVISOR</strong></li>
</ul>","Medium; Reliability; Source:ADVISOR","2","N9GFN-Test-Project","N9GFN-Test-Project\Backlog3"
